"STATION","NAME","LATITUDE","LONGITUDE","ELEVATION","DATE","CDSD","CDSD_ATTRIBUTES","CLDD","CLDD_ATTRIBUTES","DP01","DP01_ATTRIBUTES","DP10","DP10_ATTRIBUTES","DT00","DT00_ATTRIBUTES","DT32","DT32_ATTRIBUTES","DX32","DX32_ATTRIBUTES","DX70","DX70_ATTRIBUTES","DX90","DX90_ATTRIBUTES","EMNT","EMNT_ATTRIBUTES","EMXP","EMXP_ATTRIBUTES","EMXT","EMXT_ATTRIBUTES","HDSD","HDSD_ATTRIBUTES","HTDD","HTDD_ATTRIBUTES","PRCP","PRCP_ATTRIBUTES","TAVG","TAVG_ATTRIBUTES","TMAX","TMAX_ATTRIBUTES","TMIN","TMIN_ATTRIBUTES"
"SPE00120278","MADRID BARAJAS, SP","40.4667","-3.5556","609.0","1997-01","0.0","E","0.0",",E","14",",E","9",",E","0",",E","6",",E","0",",E","0",",E","0",",E","-3.2",",E,07,","20.2",",,E,19,","16.5",",E,12,","1101.1","E","363.9",",E","80.0",",,,E","6.6",",E","10.7",",,,E","2.5",",,,E"
"SPE00120278","MADRID BARAJAS, SP","40.4667","-3.5556","609.0","1997-02","0.0","E","0.0",",E","2",",E","0",",E","0",",E","5",",E","0",",E","1",",E","0",",E","-1.8",",E,16,","1.5",",,E,02,","21.8",",E,27,","1355.1","E","254.0",",E","1.9",",,,E","9.3",",E","16.1",",,,E","2.5",",,,E"
"SPE00120278","MADRID BARAJAS, SP","40.4667","-3.5556","609.0","1997-03","0.0","E","0.0",",E","0",",E","0",",E","0",",E","1",",E","0",",E","24",",E","0",",E","0.0",",E,11,","0.0",",,E,31,+","26.0",",E,18,+","1526.8","E","171.7",",E","0.0",",,,E","12.8",",E","22.1",",,,E","3.4",",,,E"
"SPE00120278","MADRID BARAJAS, SP","40.4667","-3.5556","609.0","1997-04","2.4","E","2.4",",E","5",",E","3",",E","0",",E","0",",E","0",",E","20",",E","0",",E","3.0",",E,11,","18.0",",,E,19,","27.4",",E,16,","1618.1","E","91.3",",E","35.9",",,,E","15.4",",E","22.4",",,,E","8.4",",,,E"
"SPE00120278","MADRID BARAJAS, SP","40.4667","-3.5556","609.0","1997-05","13.1","E","10.7",",E","11",",E","6",",E","0",",E","0",",E","0",",E","21",",E","0",",E","1.9",",E,08,","13.9",",,E,25,","29.8",",E,29,","1684.1","E","66.0",",E","60.1",",,,E","16.6",",E","22.9",",,,E","10.1",",,,E"
"SPE00120278","MADRID BARAJAS, SP","40.4667","-3.5556","609.0","1997-06","71.9","E","58.8",",E","4",",E","1",",E","0",",E","0",",E","0",",E","25",",E","1",",E","9.5",",E,08,","4.5",",,E,04,","33.0",",E,25,","1700.6","E","16.5",",E","8.2",",,,E","19.8",",E","26.1",",,,E","13.4",",,,E"
"SPE00120278","MADRID BARAJAS, SP","40.4667","-3.5556","609.0","1997-07","226.8","E","154.9",",E","11",",E","5",",E","0",",E","0",",E","0",",E","31",",E","17",",E","7.0",",E,03,","10.2",",,E,27,","35.6",",E,31,","6.9","E","6.9",",E","36.6",",,,E","23.1",",E","31.2",",,,E","15.0",",,,E"
"SPE00120278","MADRID BARAJAS, SP","40.4667","-3.5556","609.0","1997-08","425.0","E","198.2",",E","7",",E","2",",E","0",",E","0",",E","0",",E","31",",E","16",",E","8.2",",E,29,","5.0",",,E,08,","38.5",",E,03,","8.0","E","1.1",",E","15.2",",,,E","24.7",",E","32.4",",,,E","17.0",",,,E"
"SPE00120278","MADRID BARAJAS, SP","40.4667","-3.5556","609.0","1997-09","542.3","E","117.3",",E","4",",E","3",",E","0",",E","0",",E","0",",E","29",",E","7",",E","11.0",",E,03,","25.3",",,E,25,","35.0",",E,05,","8.8","E","0.8",",E","44.5",",,,E","22.2",",E","29.7",",,,E","14.8",",,,E"
"SPE00120278","MADRID BARAJAS, SP","40.4667","-3.5556","609.0","1997-10","568.1","E","25.8",",E","8",",E","2",",E","0",",E","1",",E","0",",E","21",",E","0",",E","-0.6",",E,30,","4.7",",,E,20,","30.8",",E,11,","73.7","E","64.9",",E","14.2",",,,E","17.1",",E","23.5",",,,E","10.7",",,,E"
"SPE00120278","MADRID BARAJAS, SP","40.4667","-3.5556","609.0","1997-11","568.1","E","0.0",",E","18",",E","12",",E","0",",E","1",",E","0",",E","0",",E","0",",E","-0.4",",E,23,","38.8",",,E,05,","19.4",",E,03,","323.6","E","249.9",",E","171.6",",,,E","10.0",",E","13.5",",,,E","6.5",",,,E"
"SPE00120278","MADRID BARAJAS, SP","40.4667","-3.5556","609.0","1997-12","568.1","E","0.0",",E","14",",E","8",",E","0",",E","8",",E","0",",E","0",",E","0",",E","-4.0",",E,06,","9.4",",,E,16,","17.9",",E,02,","679.2","E","355.6",",E","52.3",",,,E","6.9",",E","10.5",",,,E","3.2",",,,E"
"SPE00120278","MADRID BARAJAS, SP","40.4667","-3.5556","609.0","1998-01","0.0","E","0.0",",E","7",",E","4",",E","0",",E","8",",E","0",",E","0",",E","0",",E","-2.4",",E,25,","11.4",",,E,26,","16.0",",E,20,","1038.9","E","359.7",",E","36.8",",,,E","6.7",",E","11.2",",,,E","2.3",",,,E"
"SPE00120278","MADRID BARAJAS, SP","40.4667","-3.5556","609.0","1998-02","0.0","E","0.0",",E","6",",E","3",",E","0",",E","2",",E","0",",E","3",",E","0",",E","-0.4",",E,26,","29.6",",,E,02,","22.6",",E,17,","1288.8","E","249.9",",E","40.4",",,,E","9.4",",E","15.2",",,,E","3.6",",,,E"
"SPE00120278","MADRID BARAJAS, SP","40.4667","-3.5556","609.0","1998-03","0.0","E","0.0",",E","3",",E","2",",E","0",",E","1",",E","0",",E","14",",E","0",",E","-1.1",",E,14,","7.4",",,E,29,","24.1",",E,20,","1482.8","E","194.0",",E","13.9",",,,E","12.1",",E","19.8",",,,E","4.3",",,,E"
"SPE00120278","MADRID BARAJAS, SP","40.4667","-3.5556","609.0","1998-04","0.1","E","0.1",",E","11",",E","4",",E","0",",E","0",",E","0",",E","4",",E","0",",E","0.8",",E,18,+","6.2",",,E,28,","28.0",",E,25,","1700.9","E","218.1",",E","26.7",",,,E","11.1",",E","16.5",",,,E","5.7",",,,E"
"SPE00120278","MADRID BARAJAS, SP","40.4667","-3.5556","609.0","1998-05","1.9","E","1.8",",E","17",",E","9",",E","0",",E","0",",E","0",",E","17",",E","0",",E","2.6",",E,01,","11.7",",,E,15,","27.9",",E,18,","1795.5","E","94.6",",E","68.7",",,,E","15.3",",E","21.4",",,,E","9.3",",,,E"
"SPE00120278","MADRID BARAJAS, SP","40.4667","-3.5556","609.0","1998-06","117.9","E","116.0",",E","4",",E","2",",E","0",",E","0",",E","0",",E","30",",E","13",",E","7.5",",E,12,","15.7",",,E,04,","36.0",",E,29,+","1801.1","E","5.6",",E","21.1",",,,E","22.0",",E","30.3",",,,E","13.8",",,,E"
"SPE00120278","MADRID BARAJAS, SP","40.4667","-3.5556","609.0","1998-07","345.4","E","227.5",",E","0",",E","0",",E","0",",E","0",",E","0",",E","31",",E","23",",E","12.2",",E,03,","0.0",",,E,31,+","38.6",",E,24,","0.0","E","0.0",",E","0.0",",,,E","25.7",",E","34.3",",,,E","17.1",",,,E"
"SPE00120278","MADRID BARAJAS, SP","40.4667","-3.5556","609.0","1998-08","582.2","E","236.8",",E","4",",E","2",",E","0",",E","0",",E","0",",E","31",",E","26",",E","12.4",",E,03,","29.0",",,E,27,","39.2",",E,10,","0.0","E","0.0",",E","44.3",",,,E","26.0",",E","34.4",",,,E","17.5",",,,E"
"SPE00120278","MADRID BARAJAS, SP","40.4667","-3.5556","609.0","1998-09","668.9","E","86.7",",E","6",",E","6",",E","0",",E","0",",E","0",",E","24",",E","3",",E","10.8",",E,30,","17.1",",,E,24,","33.8",",E,09,","11.9","E","11.9",",E","51.8",",,,E","20.8",",E","26.8",",,,E","14.8",",,,E"
"SPE00120278","MADRID BARAJAS, SP","40.4667","-3.5556","609.0","1998-10","668.9","E","0.0",",E","2",",E","1",",E","0",",E","0",",E","0",",E","17",",E","0",",E","1.6",",E,21,","10.3",",,E,05,","25.7",",E,12,","150.7","E","138.8",",E","13.1",",,,E","13.9",",E","20.8",",,,E","6.9",",,,E"
"SPE00120278","MADRID BARAJAS, SP","40.4667","-3.5556","609.0","1998-11","668.9","E","0.0",",E","3",",E","2",",E","0",",E","6",",E","0",",E","1",",E","0",",E","-5.7",",E,22,","17.8",",,E,03,","21.6",",E,01,","417.4","E","266.7",",E","22.1",",,,E","9.4",",E","15.6",",,,E","3.3",",,,E"
"SPE00120278","MADRID BARAJAS, SP","40.4667","-3.5556","609.0","1998-12","668.9","E","0.0",",E","4",",E","2",",E","0",",E","22",",E","0",",E","0",",E","0",",E","-6.1",",E,27,","8.0",",,E,29,","16.2",",E,16,+","839.9","E","422.5",",E","14.3",",,,E","4.7",",E","11.3",",,,E","-1.9",",,,E"
"SPE00120278","MADRID BARAJAS, SP","40.4667","-3.5556","609.0","1999-01","0.0","E","0.0",",E","3",",E","2",",E","0",",E","20",",E","0",",E","0",",E","0",",E","-5.7",",E,13,","3.3",",,E,16,","18.0",",E,28,","1247.5","E","407.6",",E","8.1",",,,E","5.2",",E","11.3",",,,E","-0.9",",,,E"
"SPE00120278","MADRID BARAJAS, SP","40.4667","-3.5556","609.0","1999-02","0.0","E","0.0",",E","4",",E","2",",E","0",",E","19",",E","0",",E","0",",E","0",",E","-9.1",",E,01,","6.8",",,E,24,","20.0",",E,21,","1575.3","E","327.8",",E","12.9",",,,E","6.6",",E","13.8",",,,E","-0.5",",,,E"
"SPE00120278","MADRID BARAJAS, SP","40.4667","-3.5556","609.0","1999-03","0.0","E","0.0",",E","5",",E","2",",E","0",",E","1",",E","0",",E","2",",E","0",",E","-0.3",",E,02,","12.4",",,E,11,","23.2",",E,31,","1830.7","E","255.4",",E","20.4",",,,E","10.1",",E","16.6",",,,E","3.6",",,,E"
"SPE00120278","MADRID BARAJAS, SP","40.4667","-3.5556","609.0","1999-04","0.0","E","0.0",",E","6",",E","2",",E","0",",E","1",",E","0",",E","10",",E","0",",E","-1.4",",E,16,","29.6",",,E,27,","27.1",",E,06,","1995.5","E","164.8",",E","36.2",",,,E","12.8",",E","19.7",",,,E","6.0",",,,E"
"SPE00120278","MADRID BARAJAS, SP","40.4667","-3.5556","609.0","1999-05","25.2","E","25.2",",E","8",",E","4",",E","0",",E","0",",E","0",",E","20",",E","0",",E","6.1",",E,20,","12.0",",,E,01,","32.1",",E,31,","2053.7","E","58.2",",E","31.6",",,,E","17.3",",E","24.0",",,,E","10.5",",,,E"
"SPE00120278","MADRID BARAJAS, SP","40.4667","-3.5556","609.0","1999-06","123.1","E","97.9",",E","7",",E","2",",E","0",",E","0",",E","0",",E","30",",E","6",",E","10.0",",E,03,","7.0",",,E,09,","35.2",",E,30,","2055.0","E","1.3",",E","17.3",",,,E","21.6",",E","29.4",",,,E","13.7",",,,E"
"SPE00120278","MADRID BARAJAS, SP","40.4667","-3.5556","609.0","1999-07","351.7","E","228.6",",E","2",",E","2",",E","0",",E","0",",E","0",",E","31",",E","22",",E","14.1",",E,28,","11.1",",,E,26,","37.9",",E,15,","0.0","E","0.0",",E","15.3",",,,E","25.7",",E","33.6",",,,E","17.8",",,,E"
"SPE00120278","MADRID BARAJAS, SP","40.4667","-3.5556","609.0","1999-08","551.1","E","199.4",",E","1",",E","0",",E","0",",E","0",",E","0",",E","31",",E","18",",E","13.2",",E,10,","1.2",",,E,07,","37.8",",E,24,","0.0","E","0.0",",E","1.2",",,,E","24.8",",E","32.3",",,,E","17.2",",,,E"
"SPE00120278","MADRID BARAJAS, SP","40.4667","-3.5556","609.0","1999-09","617.8","E","66.7",",E","7",",E","4",",E","0",",E","0",",E","0",",E","27",",E","0",",E","9.5",",E,18,","9.8",",,E,01,","31.7",",E,09,","15.8","E","15.8",",E","31.0",",,,E","20.0",",E","26.2",",,,E","13.8",",,,E"
"SPE00120278","MADRID BARAJAS, SP","40.4667","-3.5556","609.0","1999-10","618.4","E","0.6",",E","14",",E","12",",E","0",",E","0",",E","0",",E","13",",E","0",",E","7.0",",E,10,","12.9",",,E,26,","24.8",",E,10,","110.7","E","94.9",",E","76.3",",,,E","15.3",",E","19.9",",,,E","10.6",",,,E"
"SPE00120278","MADRID BARAJAS, SP","40.4667","-3.5556","609.0","1999-11","618.4","E","0.0",",E","6",",E","3",",E","0",",E","9",",E","0",",E","0",",E","0",",E","-2.2",",E,27,","14.4",",,E,11,","20.8",",E,08,","428.2","E","317.5",",E","29.8",",,,E","7.8",",E","13.5",",,,E","2.0",",,,E"
"SPE00120278","MADRID BARAJAS, SP","40.4667","-3.5556","609.0","1999-12","618.4","E","0.0",",E","6",",E","3",",E","0",",E","11",",E","0",",E","0",",E","0",",E","-3.3",",E,21,","8.5",",,E,29,","15.9",",E,01,","812.8","E","384.6",",E","20.7",",,,E","5.9",",E","10.2",",,,E","1.7",",,,E"
"SPE00120278","MADRID BARAJAS, SP","40.4667","-3.5556","609.0","2000-01","0.0","E","0.0",",E","4",",E","4",",E","0",",E","26",",E","0",",E","0",",E","0",",E","-5.0",",E,24,","11.4",",,E,13,","15.8",",E,31,+","1257.2","E","444.4",",E","24.0",",,,E","4.0",",E","9.8",",,,E","-1.8",",,,E"
"SPE00120278","MADRID BARAJAS, SP","40.4667","-3.5556","609.0","2000-02","0.0","E","0.0",",E","0",",E","0",",E","0",",E","7",",E","0",",E","0",",E","0",",E","-2.9",",E,04,","0.0",",,E,29,+","19.9",",E,25,","1527.9","E","270.7",",E","0.0",",,,E","9.0",",E","17.0",",,,E","1.0",",,,E"
"SPE00120278","MADRID BARAJAS, SP","40.4667","-3.5556","609.0","2000-03","0.0","E","0.0",",E","5",",E","3",",E","0",",E","3",",E","0",",E","6",",E","0",",E","-1.1",",E,29,","23.6",",,E,20,","23.1",",E,11,+","1760.3","E","232.4",",E","36.1",",,,E","10.8",",E","17.6",",,,E","4.1",",,,E"
"SPE00120278","MADRID BARAJAS, SP","40.4667","-3.5556","609.0","2000-04","0.0","E","0.0",",E","18",",E","10",",E","0",",E","1",",E","0",",E","1",",E","0",",E","-1.3",",E,06,","18.0",",,E,15,","21.4",",E,21,","2000.1","E","239.8",",E","73.3",",,,E","10.3",",E","14.9",",,,E","5.8",",,,E"
"SPE00120278","MADRID BARAJAS, SP","40.4667","-3.5556","609.0","2000-05","19.7","E","19.7",",E","13",",E","8",",E","0",",E","0",",E","0",",E","20",",E","1",",E","6.0",",E,01,","8.7",",,E,21,","33.2",",E,31,","2070.6","E","70.5",",E","46.4",",,,E","16.7",",E","23.4",",,,E","10.0",",,,E"
"SPE00120278","MADRID BARAJAS, SP","40.4667","-3.5556","609.0","2000-06","142.5","E","122.8",",E","3",",E","2",",E","0",",E","0",",E","0",",E","29",",E","13",",E","7.0",",E,12,","9.3",",,E,04,","37.4",",E,26,","2080.3","E","9.7",",E","14.5",",,,E","22.1",",E","30.8",",,,E","13.4",",,,E"
"SPE00120278","MADRID BARAJAS, SP","40.4667","-3.5556","609.0","2000-07","310.0","E","167.5",",E","3",",E","1",",E","0",",E","0",",E","0",",E","31",",E","16",",E","10.1",",E,12,","9.8",",,E,16,","38.0",",E,31,","0.1","E","0.1",",E","11.6",",,,E","23.7",",E","31.8",",,,E","15.7",",,,E"
"SPE00120278","MADRID BARAJAS, SP","40.4667","-3.5556","609.0","2000-08","479.5","E","169.5",",E","0",",E","0",",E","0",",E","0",",E","0",",E","31",",E","15",",E","10.2",",E,23,","0.0",",,E,31,+","37.5",",E,16,","0.1","E","0.0",",E","0.0",",,,E","23.8",",E","32.2",",,,E","15.4",",,,E"
"SPE00120278","MADRID BARAJAS, SP","40.4667","-3.5556","609.0","2000-09","554.6","E","75.1",",E","3",",E","3",",E","0",",E","0",",E","0",",E","26",",E","7",",E","4.6",",E,21,","5.0",",,E,19,","33.8",",E,07,","25.4","E","25.3",",E","11.1",",,,E","20.0",",E","28.3",",,,E","11.7",",,,E"
"SPE00120278","MADRID BARAJAS, SP","40.4667","-3.5556","609.0","2000-10","554.6","E","0.0",",E","5",",E","3",",E","0",",E","0",",E","0",",E","17",",E","0",",E","1.7",",E,15,","6.5",",,E,20,","27.5",",E,04,","149.6","E","124.2",",E","16.1",",,,E","14.3",",E","21.0",",,,E","7.6",",,,E"
"SPE00120278","MADRID BARAJAS, SP","40.4667","-3.5556","609.0","2000-11","554.6","E","0.0",",E","12",",E","7",",E","0",",E","6",",E","0",",E","0",",E","0",",E","-1.8",",E,18,+","18.3",",,E,22,","18.7",",E,28,","447.7","E","298.1",",E","69.8",",,,E","8.4",",E","13.0",",,,E","3.8",",,,E"
"SPE00120278","MADRID BARAJAS, SP","40.4667","-3.5556","609.0","2000-12","554.6","E","0.0",",E","17",",E","10",",E","0",",E","6",",E","0",",E","0",",E","0",",E","-3.9",",E,17,","17.2",",,E,23,","16.1",",E,07,","807.1","E","359.4",",E","104.9",",,,E","6.7",",E","10.3",",,,E","3.2",",,,E"
"SPE00120278","MADRID BARAJAS, SP","40.4667","-3.5556","609.0","2001-01","0.0","E","0.0",",E","17",",E","9",",E","0",",E","7",",E","0",",E","0",",E","0",",E","-3.0",",E,08,","15.2",",,E,05,","15.1",",E,31,","1177.8","E","370.7",",E","72.6",",,,E","6.4",",E","10.2",",,,E","2.5",",,,E"
"SPE00120278","MADRID BARAJAS, SP","40.4667","-3.5556","609.0","2001-02","0.0","E","0.0",",E","3",",E","3",",E","0",",E","11",",E","0",",E","0",",E","0",",E","-4.7",",E,26,","15.3",",,E,07,","17.5",",E,13,","1491.8","E","314.0",",E","27.9",",,,E","7.1",",E","12.8",",,,E","1.5",",,,E"
"SPE00120278","MADRID BARAJAS, SP","40.4667","-3.5556","609.0","2001-03","0.0","E","0.0",",E","12",",E","7",",E","0",",E","0",",E","0",",E","3",",E","0",",E","0.3",",E,14,","12.7",",,E,01,","24.3",",E,23,","1706.4","E","214.6",",E","63.7",",,,E","11.4",",E","15.9",",,,E","6.9",",,,E"
"SPE00120278","MADRID BARAJAS, SP","40.4667","-3.5556","609.0","2001-04","0.0","E","0.0",",E","3",",E","2",",E","0",",E","0",",E","0",",E","9",",E","0",",E","1.3",",E,22,","8.9",",,E,17,","23.5",",E,16,","1896.7","E","190.3",",E","14.2",",,,E","12.0",",E","19.0",",,,E","5.0",",,,E"
"SPE00120278","MADRID BARAJAS, SP","40.4667","-3.5556","609.0","2001-05","33.7","E","33.7",",E","10",",E","2",",E","0",",E","0",",E","0",",E","16",",E","4",",E","1.2",",E,06,","10.5",",,E,09,","34.0",",E,31,","2013.1","E","116.4",",E","21.8",",,,E","15.7",",E","22.4",",,,E","9.0",",,,E"
"SPE00120278","MADRID BARAJAS, SP","40.4667","-3.5556","609.0","2001-06","153.1","E","119.4",",E","1",",E","1",",E","0",",E","0",",E","0",",E","30",",E","13",",E","8.9",",E,11,","4.3",",,E,09,","38.0",",E,24,","2015.4","E","2.3",",E","4.3",",,,E","22.2",",E","31.1",",,,E","13.3",",,,E"
"SPE00120278","MADRID BARAJAS, SP","40.4667","-3.5556","609.0","2001-07","297.9","E","144.8",",E","3",",E","1",",E","0",",E","0",",E","0",",E","31",",E","15",",E","9.7",",E,07,","2.8",",,E,08,","36.7",",E,31,","1.9","E","1.9",",E","4.5",",,,E","22.9",",E","30.8",",,,E","15.1",",,,E"
"SPE00120278","MADRID BARAJAS, SP","40.4667","-3.5556","609.0","2001-08","487.0","E","189.1",",E","0",",E","0",",E","0",",E","0",",E","0",",E","31",",E","16",",E","12.4",",E,20,","0.2",",,E,14,","36.7",",E,24,","1.9","E","0.0",",E","0.3",",,,E","24.4",",E","32.1",",,,E","16.8",",,,E"
"SPE00120278","MADRID BARAJAS, SP","40.4667","-3.5556","609.0","2001-09","543.3","E","56.3",",E","4",",E","2",",E","0",",E","0",",E","0",",E","26",",E","2",",E","6.8",",E,26,","9.8",",,E,21,","32.2",",E,04,+","28.5","E","26.6",",E","18.8",",,,E","19.3",",E","26.6",",,,E","12.0",",,,E"
"SPE00120278","MADRID BARAJAS, SP","40.4667","-3.5556","609.0","2001-10","545.0","E","1.7",",E","11",",E","6",",E","0",",E","0",",E","0",",E","12",",E","0",",E","4.8",",E,24,","19.6",",,E,19,","26.9",",E,02,","122.3","E","93.8",",E","62.7",",,,E","15.4",",E","20.8",",,,E","9.9",",,,E"
"SPE00120278","MADRID BARAJAS, SP","40.4667","-3.5556","609.0","2001-11","545.0","E","0.0",",E","4",",E","3",",E","0",",E","14",",E","0",",E","0",",E","0",",E","-6.2",",E,11,","8.0",",,E,03,","20.3",",E,01,","469.0","E","346.7",",E","16.2",",,,E","6.8",",E","13.0",",,,E","0.5",",,,E"
"SPE00120278","MADRID BARAJAS, SP","40.4667","-3.5556","609.0","2001-12","545.0","E","0.0",",E","4",",E","3",",E","0",",E","29",",E","0",",E","0",",E","0",",E","-10.5",",E,17,+","7.1",",,E,30,","16.0",",E,06,","966.0","E","497.0",",E","15.6",",,,E","2.3",",E","8.4",",,,E","-3.9",",,,E"
"SPE00120278","MADRID BARAJAS, SP","40.4667","-3.5556","609.0","2002-01","0.0","E","0.0",",E","10",",E","6",",E","0",",E","14",",E","0",",E","0",",E","0",",E","-3.1",",E,17,","14.1",",,E,03,","18.7",",E,29,","1349.9","E","383.9",",E","53.4",",,,E","5.9",",E","10.8",",,,E","1.1",",,,E"
"SPE00120278","MADRID BARAJAS, SP","40.4667","-3.5556","609.0","2002-02","0.0","E","0.0",",E","3",",E","2",",E","0",",E","13",",E","0",",E","0",",E","0",",E","-3.8",",E,20,","5.2",",,E,05,","19.4",",E,23,","1655.7","E","305.8",",E","9.3",",,,E","7.4",",E","13.9",",,,E","0.9",",,,E"
"SPE00120278","MADRID BARAJAS, SP","40.4667","-3.5556","609.0","2002-03","0.0","E","0.0",",E","7",",E","5",",E","0",",E","0",",E","0",",E","6",",E","0",",E","0.1",",E,03,+","20.4",",,E,15,","26.1",",E,24,","1913.5","E","257.8",",E","51.6",",,,E","10.0",",E","16.0",",,,E","4.1",",,,E"
"SPE00120278","MADRID BARAJAS, SP","40.4667","-3.5556","609.0","2002-04","0.1","E","0.1",",E","7",",E","6",",E","0",",E","1",",E","0",",E","12",",E","0",",E","-1.2",",E,05,","10.5",",,E,05,","29.0",",E,25,","2099.0","E","185.5",",E","34.9",",,,E","12.2",",E","19.4",",,,E","5.0",",,,E"
"SPE00120278","MADRID BARAJAS, SP","40.4667","-3.5556","609.0","2002-05","9.6","E","9.5",",E","9",",E","4",",E","0",",E","0",",E","0",",E","16",",E","0",",E","2.0",",E,04,","19.0",",,E,07,","30.8",",E,30,","2218.7","E","119.7",",E","50.2",",,,E","14.8",",E","21.2",",,,E","8.3",",,,E"
"SPE00120278","MADRID BARAJAS, SP","40.4667","-3.5556","609.0","2002-06","160.6","E","151.0",",E","5",",E","2",",E","0",",E","0",",E","0",",E","26",",E","15",",E","5.7",",E,09,","10.8",",,E,06,","37.3",",E,22,","2239.6","E","20.9",",E","21.9",",,,E","22.7",",E","30.6",",,,E","14.7",",,,E"
"SPE00120278","MADRID BARAJAS, SP","40.4667","-3.5556","609.0","2002-07","340.6","E","180.0",",E","2",",E","1",",E","0",",E","0",",E","0",",E","31",",E","16",",E","12.5",",E,15,","3.9",",,E,23,","37.1",",E,28,","0.0","E","0.0",",E","5.1",",,,E","24.1",",E","31.8",",,,E","16.5",",,,E"
"SPE00120278","MADRID BARAJAS, SP","40.4667","-3.5556","609.0","2002-08","490.1","E","149.5",",E","1",",E","0",",E","0",",E","0",",E","0",",E","31",",E","12",",E","11.4",",E,28,","0.6",",,E,26,","35.5",",E,13,","0.0","E","0.0",",E","0.6",",,,E","23.2",",E","30.8",",,,E","15.5",",,,E"
"SPE00120278","MADRID BARAJAS, SP","40.4667","-3.5556","609.0","2002-09","532.2","E","42.1",",E","7",",E","4",",E","0",",E","0",",E","0",",E","28",",E","0",",E","4.5",",E,24,","9.0",",,E,18,","31.1",",E,01,","23.2","E","23.2",",E","27.9",",,,E","19.0",",E","25.7",",,,E","12.2",",,,E"
"SPE00120278","MADRID BARAJAS, SP","40.4667","-3.5556","609.0","2002-10","532.3","E","0.1",",E","9",",E","5",",E","0",",E","0",",E","0",",E","12",",E","0",",E","3.4",",E,18,","17.0",",,E,08,","24.9",",E,06,","147.2","E","124.0",",E","56.3",",,,E","14.3",",E","19.8",",,,E","8.9",",,,E"
"SPE00120278","MADRID BARAJAS, SP","40.4667","-3.5556","609.0","2002-11","532.3","E","0.0",",E","16",",E","9",",E","0",",E","1",",E","0",",E","0",",E","0",",E","-0.2",",E,26,","20.7",",,E,22,","20.6",",E,06,","412.6","E","265.4",",E","84.0",",,,E","9.5",",E","13.6",",,,E","5.4",",,,E"
"SPE00120278","MADRID BARAJAS, SP","40.4667","-3.5556","609.0","2002-12","532.3","E","0.0",",E","13",",E","7",",E","0",",E","5",",E","0",",E","0",",E","0",",E","-1.5",",E,16,","15.1",",,E,09,","14.6",",E,18,","746.9","E","334.3",",E","59.0",",,,E","7.6",",E","11.4",",,,E","3.7",",,,E"
"SPE00120278","MADRID BARAJAS, SP","40.4667","-3.5556","609.0","2003-01","0.0","E","0.0",",E","8",",E","4",",E","0",",E","12",",E","0",",E","0",",E","0",",E","-7.8",",E,13,","10.5",",,E,05,","20.9",",E,27,","1149.0","E","402.1",",E","34.3",",,,E","5.4",",E","10.0",",,,E","0.8",",,,E"
"SPE00120278","MADRID BARAJAS, SP","40.4667","-3.5556","609.0","2003-02","0.0","E","0.0",",E","7",",E","6",",E","0",",E","12",",E","0",",E","0",",E","0",",E","-6.9",",E,18,","16.9",",,E,25,","14.5",",E,04,","1503.1","E","354.1",",E","43.5",",,,E","5.7",",E","10.7",",,,E","0.7",",,,E"
"SPE00120278","MADRID BARAJAS, SP","40.4667","-3.5556","609.0","2003-03","0.0","E","0.0",",E","6",",E","4",",E","0",",E","1",",E","0",",E","4",",E","0",",E","0.0",",E,20,","21.2",",,E,27,","25.2",",E,13,","1737.8","E","234.7",",E","39.5",",,,E","10.8",",E","17.2",",,,E","4.4",",,,E"
"SPE00120278","MADRID BARAJAS, SP","40.4667","-3.5556","609.0","2003-04","0.0","E","0.0",",E","9",",E","4",",E","0",",E","0",",E","0",",E","6",",E","0",",E","0.2",",E,05,","16.7",",,E,13,","24.9",",E,28,","1917.9","E","180.1",",E","38.6",",,,E","12.3",",E","18.3",",,,E","6.4",",,,E"
"SPE00120278","MADRID BARAJAS, SP","40.4667","-3.5556","609.0","2003-05","22.4","E","22.4",",E","6",",E","1",",E","0",",E","0",",E","0",",E","26",",E","0",",E","4.5",",E,01,","2.6",",,E,06,","31.9",",E,31,","1972.1","E","54.2",",E","9.2",",,,E","17.3",",E","25.4",",,,E","9.3",",,,E"
"SPE00120278","MADRID BARAJAS, SP","40.4667","-3.5556","609.0","2003-06","203.4","E","181.0",",E","4",",E","0",",E","0",",E","0",",E","0",",E","30",",E","19",",E","12.5",",E,02,","2.2",",,E,23,","36.8",",E,21,","1972.1","E","0.0",",E","5.7",",,,E","24.4",",E","32.4",",,,E","16.3",",,,E"
"SPE00120278","MADRID BARAJAS, SP","40.4667","-3.5556","609.0","2003-07","403.8","E","200.4",",E","0",",E","0",",E","0",",E","0",",E","0",",E","31",",E","22",",E","12.8",",E,22,","0.0",",,E,31,+","38.2",",E,31,","0.0","E","0.0",",E","0.0",",,,E","24.8",",E","32.8",",,,E","16.8",",,,E"
"SPE00120278","MADRID BARAJAS, SP","40.4667","-3.5556","609.0","2003-08","636.7","E","232.9",",E","1",",E","0",",E","0",",E","0",",E","0",",E","31",",E","20",",E","12.8",",E,30,","0.3",",,E,22,","39.8",",E,01,","0.0","E","0.0",",E","0.3",",,,E","25.9",",E","33.7",",,,E","18.0",",,,E"
"SPE00120278","MADRID BARAJAS, SP","40.4667","-3.5556","609.0","2003-09","706.1","E","69.4",",E","2",",E","2",",E","0",",E","0",",E","0",",E","29",",E","0",",E","8.1",",E,10,","30.1",",,E,30,","31.4",",E,11,","2.0","E","2.0",",E","39.7",",,,E","20.6",",E","27.9",",,,E","13.3",",,,E"
"SPE00120278","MADRID BARAJAS, SP","40.4667","-3.5556","609.0","2003-10","706.1","E","0.0",",E","17",",E","12",",E","0",",E","0",",E","0",",E","7",",E","0",",E","0.4",",E,24,","31.1",",,E,18,","24.3",",E,11,+","150.5","E","148.5",",E","138.9",",,,E","13.5",",E","18.1",",,,E","9.0",",,,E"
"SPE00120278","MADRID BARAJAS, SP","40.4667","-3.5556","609.0","2003-11","706.1","E","0.0",",E","9",",E","8",",E","0",",E","1",",E","0",",E","0",",E","0",",E","-0.7",",E,26,","13.6",",,E,15,","18.2",",E,18,","412.6","E","262.1",",E","53.0",",,,E","9.6",",E","14.0",",,,E","5.2",",,,E"
"SPE00120278","MADRID BARAJAS, SP","40.4667","-3.5556","609.0","2003-12","706.1","E","0.0",",E","8",",E","3",",E","0",",E","13",",E","0",",E","0",",E","0",",E","-2.9",",E,26,","13.7",",,E,09,","15.9",",E,15,","806.3","E","393.7",",E","30.5",",,,E","5.6",",E","10.4",",,,E","0.9",",,,E"
"SPE00120278","MADRID BARAJAS, SP","40.4667","-3.5556","609.0","2004-01","0.0","E","0.0",",E","2",",E","1",",E","0",",E","18",",E","0",",E","0",",E","0",",E","-5.2",",E,29,","3.5",",,E,31,","18.0",",E,24,","1185.2","E","378.9",",E","4.1",",,,E","6.1",",E","11.5",",,,E","0.8",",,,E"
"SPE00120278","MADRID BARAJAS, SP","40.4667","-3.5556","609.0","2004-02","0.0","E","0.0",",E","7",",E","6",",E","0",",E","10",",E","0",",E","0",",E","0",",E","-3.5",",E,11,","20.6",",,E,25,","19.7",",E,05,","1525.6","E","340.4",",E","71.2",",,,E","6.6",",E","12.4",",,,E","0.8",",,,E"
"SPE00120278","MADRID BARAJAS, SP","40.4667","-3.5556","609.0","2004-03","0.0","E","0.0",",E","8",",E","3",",E","0",",E","5",",E","0",",E","1",",E","0",",E","-6.5",",E,02,","25.9",",,E,29,","21.5",",E,21,","1840.6","E","315.0",",E","60.5",",,,E","8.2",",E","13.6",",,,E","2.8",",,,E"
"SPE00120278","MADRID BARAJAS, SP","40.4667","-3.5556","609.0","2004-04","0.0","E","0.0",",E","9",",E","3",",E","0",",E","0",",E","0",",E","5",",E","0",",E","0.1",",E,10,","16.8",",,E,28,","26.9",",E,25,","2062.1","E","221.5",",E","36.6",",,,E","10.9",",E","17.2",",,,E","4.7",",,,E"
"SPE00120278","MADRID BARAJAS, SP","40.4667","-3.5556","609.0","2004-05","4.3","E","4.3",",E","15",",E","8",",E","0",",E","0",",E","0",",E","12",",E","0",",E","3.6",",E,02,","24.8",",,E,02,","28.4",",E,31,","2196.5","E","134.4",",E","91.6",",,,E","14.1",",E","19.8",",,,E","8.5",",,,E"
"SPE00120278","MADRID BARAJAS, SP","40.4667","-3.5556","609.0","2004-06","147.5","E","143.2",",E","3",",E","2",",E","0",",E","0",",E","0",",E","30",",E","9",",E","9.2",",E,03,","5.6",",,E,07,","39.4",",E,29,","2196.9","E","0.4",",E","10.1",",,,E","23.1",",E","31.3",",,,E","14.9",",,,E"
"SPE00120278","MADRID BARAJAS, SP","40.4667","-3.5556","609.0","2004-07","354.1","E","206.6",",E","2",",E","2",",E","0",",E","0",",E","0",",E","31",",E","23",",E","9.5",",E,09,","8.7",",,E,06,","39.6",",E,24,","0.2","E","0.2",",E","14.4",",,,E","25.0",",E","33.4",",,,E","16.6",",,,E"
"SPE00120278","MADRID BARAJAS, SP","40.4667","-3.5556","609.0","2004-08","526.6","E","172.5",",E","4",",E","2",",E","0",",E","0",",E","0",",E","31",",E","15",",E","10.9",",E,21,","17.7",",,E,17,","36.5",",E,24,","0.2","E","0.0",",E","34.7",",,,E","23.9",",E","31.3",",,,E","16.5",",,,E"
"SPE00120278","MADRID BARAJAS, SP","40.4667","-3.5556","609.0","2004-09","627.1","E","100.5",",E","2",",E","1",",E","0",",E","0",",E","0",",E","30",",E","2",",E","7.8",",E,26,","6.8",",,E,03,","32.9",",E,22,","0.5","E","0.3",",E","7.6",",,,E","21.7",",E","29.6",",,,E","13.8",",,,E"
"SPE00120278","MADRID BARAJAS, SP","40.4667","-3.5556","609.0","2004-10","643.2","E","16.1",",E","11",",E","8",",E","0",",E","0",",E","0",",E","12",",E","0",",E","2.7",",E,13,","28.0",",,E,25,","30.6",",E,02,+","110.9","E","110.4",",E","88.7",",,,E","15.3",",E","20.9",",,,E","9.6",",,,E"
"SPE00120278","MADRID BARAJAS, SP","40.4667","-3.5556","609.0","2004-11","643.2","E","0.0",",E","3",",E","1",",E","0",",E","8",",E","0",",E","0",",E","0",",E","-2.3",",E,16,","19.3",",,E,04,","19.1",",E,06,","407.8","E","296.9",",E","22.6",",,,E","8.4",",E","14.6",",,,E","2.3",",,,E"
"SPE00120278","MADRID BARAJAS, SP","40.4667","-3.5556","609.0","2004-12","643.2","E","0.0",",E","4",",E","2",",E","0",",E","11",",E","0",",E","0",",E","0",",E","-4.6",",E,28,","11.4",",,E,01,","16.5",",E,18,","777.9","E","370.1",",E","18.3",",,,E","6.4",",E","11.6",",,,E","1.2",",,,E"
"SPE00120278","MADRID BARAJAS, SP","40.4667","-3.5556","609.0","2005-01","0.0","E","0.0",",E","0",",E","0",",E","0",",E","28",",E","0",",E","0",",E","0",",E","-10.2",",E,28,","0.0",",,E,31,+","16.6",",E,21,+","1213.4","E","435.5",",E","0.0",",,,E","4.3",",E","11.9",",,,E","-3.3",",,,E"
"SPE00120278","MADRID BARAJAS, SP","40.4667","-3.5556","609.0","2005-02","0.0","E","0.0",",E","5",",E","4",",E","0",",E","20",",E","0",",E","0",",E","0",",E","-6.3",",E,18,","14.7",",,E,07,","18.4",",E,13,","1603.2","E","389.8",",E","38.1",",,,E","4.4",",E","10.3",",,,E","-1.5",",,,E"
"SPE00120278","MADRID BARAJAS, SP","40.4667","-3.5556","609.0","2005-03","0.0","E","0.0",",E","5",",E","1",",E","0",",E","12",",E","0",",E","7",",E","0",",E","-6.6",",E,08,","4.8",",,E,23,","23.4",",E,31,","1862.5","E","259.3",",E","7.8",",,,E","10.0",",E","16.9",",,,E","3.0",",,,E"
"SPE00120278","MADRID BARAJAS, SP","40.4667","-3.5556","609.0","2005-04","3.8","E","3.8",",E","4",",E","2",",E","0",",E","0",",E","0",",E","11",",E","0",",E","0.2",",E,10,","11.5",",,E,02,","31.1",",E,29,","2011.8","E","149.3",",E","18.1",",,,E","13.5",",E","20.2",",,,E","6.7",",,,E"
"SPE00120278","MADRID BARAJAS, SP","40.4667","-3.5556","609.0","2005-05","51.4","E","47.6",",E","5",",E","1",",E","0",",E","0",",E","0",",E","28",",E","4",",E","4.7",",E,18,","5.2",",,E,31,","34.7",",E,26,","2051.1","E","39.3",",E","7.8",",,,E","18.6",",E","26.2",",,,E","11.0",",,,E"
"SPE00120278","MADRID BARAJAS, SP","40.4667","-3.5556","609.0","2005-06","263.0","E","211.6",",E","1",",E","0",",E","0",",E","0",",E","0",",E","30",",E","22",",E","13.2",",E,15,","1.9",",,E,23,","38.6",",E,22,","2051.1","E","0.0",",E","2.7",",,,E","25.4",",E","33.7",",,,E","17.0",",,,E"
"SPE00120278","MADRID BARAJAS, SP","40.4667","-3.5556","609.0","2005-07","528.8","E","265.8",",E","0",",E","0",",E","0",",E","0",",E","0",",E","31",",E","25",",E","12.6",",E,30,","0.0",",,E,31,+","39.4",",E,21,","0.0","E","0.0",",E","0.0",",,,E","26.9",",E","35.3",",,,E","18.6",",,,E"
"SPE00120278","MADRID BARAJAS, SP","40.4667","-3.5556","609.0","2005-08","753.5","E","224.7",",E","1",",E","0",",E","0",",E","0",",E","0",",E","31",",E","24",",E","9.6",",E,22,","0.4",",,E,10,","40.7",",E,07,","0.0","E","0.0",",E","0.5",",,,E","25.6",",E","34.2",",,,E","16.9",",,,E"
"SPE00120278","MADRID BARAJAS, SP","40.4667","-3.5556","609.0","2005-09","823.9","E","70.4",",E","5",",E","1",",E","0",",E","0",",E","0",",E","30",",E","4",",E","5.2",",E,19,","3.1",",,E,07,","35.5",",E,04,","11.3","E","11.3",",E","5.6",",,,E","20.3",",E","28.5",",,,E","12.1",",,,E"
"SPE00120278","MADRID BARAJAS, SP","40.4667","-3.5556","609.0","2005-10","827.7","E","3.8",",E","11",",E","9",",E","0",",E","0",",E","0",",E","16",",E","0",",E","3.4",",E,05,","12.0",",,E,10,","31.5",",E,01,","100.9","E","89.6",",E","71.1",",,,E","15.6",",E","21.4",",,,E","9.7",",,,E"
"SPE00120278","MADRID BARAJAS, SP","40.4667","-3.5556","609.0","2005-11","827.7","E","0.0",",E","6",",E","3",",E","0",",E","6",",E","0",",E","0",",E","0",",E","-3.1",",E,27,","27.5",",,E,14,","18.7",",E,02,","408.1","E","307.2",",E","52.1",",,,E","8.1",",E","13.0",",,,E","3.2",",,,E"
"SPE00120278","MADRID BARAJAS, SP","40.4667","-3.5556","609.0","2005-12","827.7","E","0.0",",E","4",",E","2",",E","0",",E","19",",E","0",",E","0",",E","0",",E","-6.0",",E,23,","17.3",",,E,02,","16.2",",E,30,","808.9","E","400.8",",E","25.6",",,,E","5.4",",E","11.0",",,,E","-0.2",",,,E"
"SPE00120278","MADRID BARAJAS, SP","40.4667","-3.5556","609.0","2006-01","0.0","E","0.0",",E","6",",E","3",",E","0",",E","14",",E","0",",E","0",",E","0",",E","-7.5",",E,30,","21.2",",,E,06,","16.3",",E,19,","1227.4","E","418.5",",E","37.8",",,,E","4.8",",E","9.6",",,,E","0.1",",,,E"
"SPE00120278","MADRID BARAJAS, SP","40.4667","-3.5556","609.0","2006-02","0.0","E","0.0",",E","5",",E","3",",E","0",",E","18",",E","0",",E","0",",E","0",",E","-4.1",",E,07,","20.8",",,E,25,","17.9",",E,13,","1569.0","E","341.6",",E","36.2",",,,E","6.1",",E","12.7",",,,E","-0.4",",,,E"
"SPE00120278","MADRID BARAJAS, SP","40.4667","-3.5556","609.0","2006-03","0.0","E","0.0",",E","6",",E","4",",E","0",",E","4",",E","0",",E","5",",E","0",",E","-3.4",",E,02,","7.1",",,E,18,","24.2",",E,13,","1799.9","E","230.9",",E","25.6",",,,E","10.9",",E","17.0",",,,E","4.8",",,,E"
"SPE00120278","MADRID BARAJAS, SP","40.4667","-3.5556","609.0","2006-04","0.7","E","0.7",",E","6",",E","3",",E","0",",E","0",",E","0",",E","15",",E","0",",E","1.8",",E,18,","7.0",",,E,14,","28.0",",E,27,","1926.4","E","126.5",",E","18.2",",,,E","14.1",",E","21.6",",,,E","6.7",",,,E"
"SPE00120278","MADRID BARAJAS, SP","40.4667","-3.5556","609.0","2006-05","63.1","E","62.4",",E","4",",E","1",",E","0",",E","0",",E","0",",E","28",",E","5",",E","6.1",",E,08,+","3.0",",,E,03,","36.4",",E,17,","1947.2","E","20.8",",E","7.1",",,,E","19.7",",E","27.9",",,,E","11.5",",,,E"
"SPE00120278","MADRID BARAJAS, SP","40.4667","-3.5556","609.0","2006-06","227.7","E","164.6",",E","8",",E","4",",E","0",",E","0",",E","0",",E","30",",E","15",",E","8.8",",E,01,","10.9",",,E,17,","37.9",",E,23,","1948.1","E","0.9",",E","36.4",",,,E","23.8",",E","32.2",",,,E","15.4",",,,E"
"SPE00120278","MADRID BARAJAS, SP","40.4667","-3.5556","609.0","2006-07","518.2","E","290.5",",E","0",",E","0",",E","0",",E","0",",E","0",",E","31",",E","28",",E","14.9",",E,04,","0.0",",,E,31,+","40.0",",E,10,","0.0","E","0.0",",E","0.0",",,,E","27.7",",E","36.0",",,,E","19.4",",,,E"
"SPE00120278","MADRID BARAJAS, SP","40.4667","-3.5556","609.0","2006-08","714.2","E","196.0",",E","1",",E","1",",E","0",",E","0",",E","0",",E","31",",E","22",",E","10.4",",E,19,","13.6",",,E,17,","37.3",",E,02,","0.3","E","0.3",",E","13.6",",,,E","24.6",",E","33.1",",,,E","16.1",",,,E"
"SPE00120278","MADRID BARAJAS, SP","40.4667","-3.5556","609.0","2006-09","836.0","E","121.8",",E","5",",E","2",",E","0",",E","0",",E","0",",E","28",",E","10",",E","8.4",",E,17,","20.4",",,E,14,","38.6",",E,03,","8.4","E","8.1",",E","37.8",",,,E","22.1",",E","29.8",",,,E","14.5",",,,E"
"SPE00120278","MADRID BARAJAS, SP","40.4667","-3.5556","609.0","2006-10","849.3","E","13.3","1,E","10",",E","8",",E","0","1,E","0","1,E","0","1,E","20","1,E","0","1,E","6.4","1,E,13,+","22.9",",,E,16,","29.7","1,E,29,","61.0","E","52.6","1,E","102.4",",,,E","17.0","1,E","22.5","1,,,E","11.5","1,,,E"
"SPE00120278","MADRID BARAJAS, SP","40.4667","-3.5556","609.0","2006-11","849.3","E","0.0",",E","14",",E","8",",E","0",",E","0",",E","0",",E","3",",E","0",",E","2.6",",E,14,","28.8",",,E,07,","23.4",",E,01,","244.0","E","183.0",",E","105.5",",,,E","12.2",",E","16.5",",,,E","8.0",",,,E"
"SPE00120278","MADRID BARAJAS, SP","40.4667","-3.5556","609.0","2006-12","849.3","E","0.0","1,E","3",",E","2",",E","0","1,E","15","1,E","0","1,E","0","1,E","0","1,E","-3.4","1,E,26,","12.0",",,E,05,","18.6","1,E,04,","606.0","E","362.0","1,E","19.1",",,,E","6.3","1,E","11.5","1,,,E","1.0","1,,,E"
"SPE00120278","MADRID BARAJAS, SP","40.4667","-3.5556","609.0","2007-01","0.0","E","0.0",",E","2",",E","1",",E","0",",E","13",",E","0",",E","0",",E","0",",E","-6.4",",E,28,","7.9",",,E,29,","17.5",",E,13,+","987.7","E","381.7",",E","9.3",",,,E","6.0",",E","11.1",",,,E","0.9",",,,E"
"SPE00120278","MADRID BARAJAS, SP","40.4667","-3.5556","609.0","2007-02","0.0","E","0.0",",E","10",",E","2",",E","0",",E","4",",E","0",",E","0",",E","0",",E","-2.6",",E,01,","19.5",",,E,08,","20.6",",E,16,","1250.4","E","262.7",",E","33.0",",,,E","8.9",",E","13.9",",,,E","4.0",",,,E"
"SPE00120278","MADRID BARAJAS, SP","40.4667","-3.5556","609.0","2007-03","0.0","E","0.0",",E","7",",E","2",",E","0",",E","4",",E","0",",E","1",",E","0",",E","-2.0",",E,25,","6.1",",,E,27,","21.4",",E,18,","1528.8","E","278.4",",E","17.1",",,,E","9.4",",E","16.0",",,,E","2.8",",,,E"
"SPE00120278","MADRID BARAJAS, SP","40.4667","-3.5556","609.0","2007-04","0.0","E","0.0",",E","15",",E","7",",E","0",",E","1",",E","0",",E","10",",E","0",",E","-1.4",",E,05,","19.8",",,E,25,","26.8",",E,24,","1693.1","E","164.3",",E","68.7",",,,E","12.9",",E","19.1",",,,E","6.7",",,,E"
"SPE00120278","MADRID BARAJAS, SP","40.4667","-3.5556","609.0","2007-05","13.3","E","13.3",",E","9",",E","6",",E","0",",E","0",",E","0",",E","19",",E","1",",E","4.9",",E,15,","30.7",",,E,24,","32.2",",E,18,","1780.1","E","87.0",",E","84.4",",,,E","15.9",",E","22.5",",,,E","9.4",",,,E"
"SPE00120278","MADRID BARAJAS, SP","40.4667","-3.5556","609.0","2007-06","78.5","E","65.2",",E","4",",E","4",",E","0",",E","0",",E","0",",E","30",",E","4",",E","9.1",",E,22,","17.0",",,E,16,","34.2",",E,30,","1782.9","E","2.8",",E","30.8",",,,E","20.4",",E","27.7",",,,E","13.1",",,,E"
"SPE00120278","MADRID BARAJAS, SP","40.4667","-3.5556","609.0","2007-07","282.4","E","203.9",",E","0",",E","0",",E","0",",E","0",",E","0",",E","31",",E","17",",E","12.0",",E,10,","0.0",",,E,31,+","39.0",",E,31,","0.0","E","0.0",",E","0.0",",,,E","24.9",",E","33.3",",,,E","16.5",",,,E"
"SPE00120278","MADRID BARAJAS, SP","40.4667","-3.5556","609.0","2007-08","465.9","E","183.5",",E","4",",E","2",",E","0",",E","0",",E","0",",E","31",",E","15",",E","9.3",",E,22,","4.8",",,E,24,","39.9",",E,04,","1.3","E","1.3",",E","9.6",",,,E","24.2",",E","32.3",",,,E","16.1",",,,E"
"SPE00120278","MADRID BARAJAS, SP","40.4667","-3.5556","609.0","2007-09","567.5","E","101.6",",E","4",",E","1",",E","0",",E","0",",E","0",",E","28",",E","5",",E","4.7",",E,28,","5.8",",,E,22,","34.1",",E,03,","15.8","E","14.5",",E","9.1",",,,E","21.2",",E","28.8",",,,E","13.7",",,,E"
"SPE00120278","MADRID BARAJAS, SP","40.4667","-3.5556","609.0","2007-10","568.5","E","1.0",",E","6",",E","3",",E","0",",E","0",",E","0",",E","22",",E","0",",E","2.7",",E,27,","37.6",",,E,02,","25.9",",E,08,","120.8","E","105.0",",E","57.3",",,,E","15.0",",E","21.8",",,,E","8.2",",,,E"
"SPE00120278","MADRID BARAJAS, SP","40.4667","-3.5556","609.0","2007-11","568.5","E","0.0",",E","2",",E","2",",E","0",",E","11",",E","0",",E","5",",E","0",",E","-7.2",",E,17,","22.9",",,E,20,","22.8",",E,06,","425.5","E","304.7",",E","33.4",",,,E","8.2",",E","16.4",",,,E","-0.1",",,,E"
"SPE00120278","MADRID BARAJAS, SP","40.4667","-3.5556","609.0","2007-12","568.5","E","0.0",",E","4",",E","1",",E","0",",E","17",",E","0",",E","0",",E","0",",E","-7.0",",E,15,","11.9",",,E,20,","17.4",",E,04,","825.4","E","399.9",",E","15.7",",,,E","5.4",",E","11.5",",,,E","-0.6",",,,E"
"SPE00120278","MADRID BARAJAS, SP","40.4667","-3.5556","609.0","2008-01","0.0","E","0.0",",E","5",",E","2",",E","0",",E","11",",E","0",",E","0",",E","0",",E","-5.8",",E,01,","10.6",",,E,02,","18.9",",E,28,","1164.0","E","338.6",",E","19.8",",,,E","7.4",",E","13.2",",,,E","1.6",",,,E"
"SPE00120278","MADRID BARAJAS, SP","40.4667","-3.5556","609.0","2008-02","0.0","E","0.0",",E","9",",E","4",",E","0",",E","11",",E","0",",E","0",",E","0",",E","-2.6",",E,11,","7.5",",,E,03,","19.3",",E,27,","1450.3","E","286.3",",E","25.6",",,,E","8.5",",E","14.5",",,,E","2.5",",,,E"
"SPE00120278","MADRID BARAJAS, SP","40.4667","-3.5556","609.0","2008-03","0.0","E","0.0",",E","2",",E","1",",E","0",",E","6",",E","0",",E","4",",E","0",",E","-2.9",",E,07,","3.0",",,E,22,","23.6",",E,14,","1700.3","E","250.0",",E","4.4",",,,E","10.3",",E","17.6",",,,E","2.9",",,,E"
"SPE00120278","MADRID BARAJAS, SP","40.4667","-3.5556","609.0","2008-04","1.2","E","1.2","1,E","8",",E","7",",E","0","1,E","0","1,E","0","1,E","11","1,E","0","1,E","1.3","1,E,12,","12.3",",,E,07,","28.4","1,E,26,","1838.8","E","138.5","1,E","59.0",",,,E","13.6","1,E","20.4","1,,,E","6.8","1,,,E"
"SPE00120278","MADRID BARAJAS, SP","40.4667","-3.5556","609.0","2008-05","7.6","E","6.4",",E","16",",E","8",",E","0",",E","0",",E","0",",E","16",",E","0",",E","3.6",",E,01,","22.1",",,E,08,","29.3",",E,06,","1930.7","E","91.9",",E","79.4",",,,E","15.6",",E","21.7",",,,E","9.5",",,,E"
"SPE00120278","MADRID BARAJAS, SP","40.4667","-3.5556","609.0","2008-06","116.9","E","109.3",",E","8",",E","5",",E","0",",E","0",",E","0",",E","27",",E","11",",E","8.7",",E,01,","10.0",",,E,23,","37.7",",E,29,","1948.4","E","17.7",",E","34.0",",,,E","21.4",",E","29.1",",,,E","13.7",",,,E"
"SPE00120278","MADRID BARAJAS, SP","40.4667","-3.5556","609.0","2008-07","327.7","E","210.8",",E","0",",E","0",",E","0",",E","0",",E","0",",E","31",",E","23",",E","12.0",",E,13,","0.1",",,E,15,","39.3",",E,23,","0.0","E","0.0",",E","0.1",",,,E","25.1",",E","34.0",",,,E","16.3",",,,E"
"SPE00120278","MADRID BARAJAS, SP","40.4667","-3.5556","609.0","2008-08","550.6","E","222.9",",E","0",",E","0",",E","0",",E","0",",E","0",",E","31",",E","23",",E","12.6",",E,15,","0.0",",,E,31,+","39.3",",E,04,","0.0","E","0.0",",E","0.0",",,,E","25.5",",E","33.7",",,,E","17.3",",,,E"
"SPE00120278","MADRID BARAJAS, SP","40.4667","-3.5556","609.0","2008-09","608.8","E","58.2",",E","6",",E","4",",E","0",",E","0",",E","0",",E","29",",E","0",",E","8.4",",E,15,","58.9",",,E,21,","31.9",",E,02,+","15.3","E","15.3",",E","92.0",",,,E","19.8",",E","27.0",",,,E","12.5",",,,E"
"SPE00120278","MADRID BARAJAS, SP","40.4667","-3.5556","609.0","2008-10","609.6","E","0.8","1,E","13",",E","8",",E","0","1,E","0","1,E","0","1,E","16","1,E","0","1,E","2.3","1,E,29,","49.7",",,E,11,","25.9","1,E,02,","135.0","E","119.7","1,E","132.6",",,,E","14.4","1,E","20.1","1,,,E","8.7","1,,,E"
"SPE00120278","MADRID BARAJAS, SP","40.4667","-3.5556","609.0","2008-11","609.6","E","0.0",",E","3",",E","1",",E","0",",E","8",",E","0",",E","0",",E","0",",E","-6.3",",E,28,","5.5",",,E,28,","20.0",",E,17,","459.4","E","324.4",",E","6.7",",,,E","7.5",",E","13.2",",,,E","1.8",",,,E"
"SPE00120278","MADRID BARAJAS, SP","40.4667","-3.5556","609.0","2008-12","609.6","E","0.0","1,E","6",",E","4",",E","0","1,E","16","1,E","0","1,E","0","1,E","0","1,E","-5.0","1,E,26,","15.7",",,E,07,","18.4","1,E,22,","830.2","E","370.8","1,E","38.0",",,,E","6.0","1,E","11.3","1,,,E","0.7","1,,,E"
"SPE00120278","MADRID BARAJAS, SP","40.4667","-3.5556","609.0","2009-01","0.0","E","0.0",",E","11",",E","4",",E","0",",E","16",",E","0",",E","0",",E","0",",E","-8.7",",E,12,","7.1",",,E,09,","16.5",",E,29,","1251.9","E","421.7",",E","27.4",",,,E","4.7",",E","9.0",",,,E","0.5",",,,E"
"SPE00120278","MADRID BARAJAS, SP","40.4667","-3.5556","609.0","2009-02","0.0","E","0.0",",E","7",",E","5",",E","0",",E","14",",E","0",",E","0",",E","0",",E","-2.3",",E,17,","20.1",",,E,01,","20.0",",E,27,","1564.8","E","312.9",",E","38.5",",,,E","7.2",",E","13.8",",,,E","0.5",",,,E"
"SPE00120278","MADRID BARAJAS, SP","40.4667","-3.5556","609.0","2009-03","0.0","E","0.0",",E","5",",E","1",",E","0",",E","0",",E","0",",E","15",",E","0",",E","0.8",",E,26,","3.5",",,E,04,","24.5",",E,27,+","1786.0","E","221.2",",E","9.4",",,,E","11.2",",E","19.3",",,,E","3.1",",,,E"
"SPE00120278","MADRID BARAJAS, SP","40.4667","-3.5556","609.0","2009-04","0.0","E","0.0",",E","8",",E","3",",E","0",",E","2",",E","0",",E","10",",E","0",",E","-2.0",",E,01,","5.0",",,E,14,","26.5",",E,23,","1982.6","E","196.6",",E","17.9",",,,E","11.8",",E","19.1",",,,E","4.4",",,,E"
"SPE00120278","MADRID BARAJAS, SP","40.4667","-3.5556","609.0","2009-05","42.2","E","42.2",",E","4",",E","3",",E","0",",E","0",",E","0",",E","29",",E","3",",E","6.2",",E,03,","14.7",",,E,22,","34.4",",E,20,","2007.0","E","24.4",",E","28.8",",,,E","18.9",",E","27.1",",,,E","10.7",",,,E"
"SPE00120278","MADRID BARAJAS, SP","40.4667","-3.5556","609.0","2009-06","210.5","E","168.3",",E","5",",E","1",",E","0",",E","0",",E","0",",E","29",",E","18",",E","10.8",",E,09,","10.5",",,E,16,","39.1",",E,13,","2011.1","E","4.1",",E","14.3",",,,E","23.8",",E","31.8",",,,E","15.9",",,,E"
"SPE00120278","MADRID BARAJAS, SP","40.4667","-3.5556","609.0","2009-07","457.6","E","247.1",",E","2",",E","0",",E","0",",E","0",",E","0",",E","31",",E","27",",E","12.6",",E,18,","0.4",",,E,22,","39.3",",E,21,","0.0","E","0.0",",E","0.7",",,,E","26.3",",E","34.8",",,,E","17.9",",,,E"
"SPE00120278","MADRID BARAJAS, SP","40.4667","-3.5556","609.0","2009-08","725.0","E","267.4",",E","1",",E","1",",E","0",",E","0",",E","0",",E","31",",E","27",",E","14.4",",E,02,","4.0",",,E,01,","38.3",",E,17,","0.0","E","0.0",",E","4.0",",,,E","27.0",",E","35.3",",,,E","18.6",",,,E"
"SPE00120278","MADRID BARAJAS, SP","40.4667","-3.5556","609.0","2009-09","828.7","E","103.7",",E","6",",E","3",",E","0",",E","0",",E","0",",E","28",",E","8",",E","8.4",",E,17,","6.1",",,E,29,","34.3",",E,07,","18.4","E","18.4",",E","19.9",",,,E","21.2",",E","28.1",",,,E","14.2",",,,E"
"SPE00120278","MADRID BARAJAS, SP","40.4667","-3.5556","609.0","2009-10","844.1","E","15.4",",E","4",",E","3",",E","0",",E","0",",E","0",",E","26",",E","0",",E","2.6",",E,17,","14.9",",,E,07,","29.0",",E,06,+","68.6","E","50.2",",E","37.8",",,,E","17.2",",E","24.4",",,,E","10.0",",,,E"
"SPE00120278","MADRID BARAJAS, SP","40.4667","-3.5556","609.0","2009-11","844.1","E","0.0",",E","4",",E","1",",E","0",",E","2",",E","0",",E","3",",E","0",",E","-0.7",",E,25,","9.4",",,E,29,","24.7",",E,01,","283.9","E","215.3",",E","12.0",",,,E","11.2",",E","16.9",",,,E","5.5",",,,E"
"SPE00120278","MADRID BARAJAS, SP","40.4667","-3.5556","609.0","2009-12","844.1","E","0.0",",E","17",",E","10",",E","0",",E","10",",E","0",",E","0",",E","0",",E","-8.8",",E,20,","20.9",",,E,23,","16.1",",E,10,","659.3","E","375.4",",E","94.7",",,,E","6.2",",E","10.4",",,,E","2.0",",,,E"
"SPE00120278","MADRID BARAJAS, SP","40.4667","-3.5556","609.0","2010-01","0.0","E","0.0",",E","13",",E","7",",E","0",",E","8",",E","0",",E","0",",E","0",",E","-5.9",",E,10,","9.7",",,E,13,","14.2",",E,18,","1059.0","E","399.7",",E","43.5",",,,E","5.4",",E","9.1",",,,E","1.8",",,,E"
"SPE00120278","MADRID BARAJAS, SP","40.4667","-3.5556","609.0","2010-02","0.0","E","0.0",",E","17",",E","8",",E","0",",E","9",",E","0",",E","0",",E","0",",E","-5.8",",E,10,","25.7",",,E,16,","19.5",",E,27,","1386.8","E","327.8",",E","90.0",",,,E","6.6",",E","10.9",",,,E","2.3",",,,E"
"SPE00120278","MADRID BARAJAS, SP","40.4667","-3.5556","609.0","2010-03","0.0","E","0.0",",E","10",",E","3",",E","0",",E","7",",E","0",",E","0",",E","0",",E","-2.5",",E,13,","29.0",",,E,05,","20.6",",E,22,","1682.0","E","295.2",",E","48.8",",,,E","8.8",",E","14.1",",,,E","3.5",",,,E"
"SPE00120278","MADRID BARAJAS, SP","40.4667","-3.5556","609.0","2010-04","6.6","E","6.6",",E","10",",E","5",",E","0",",E","0",",E","0",",E","11",",E","0",",E","0.9",",E,02,","8.4",",,E,14,","28.9",",E,27,","1826.4","E","144.4",",E","33.0",",,,E","13.7",",E","20.1",",,,E","7.4",",,,E"
"SPE00120278","MADRID BARAJAS, SP","40.4667","-3.5556","609.0","2010-05","28.5","E","21.9",",E","5",",E","2",",E","0",",E","0",",E","0",",E","18",",E","1",",E","1.6",",E,06,","11.4",",,E,08,","32.3",",E,31,","1929.0","E","102.6",",E","16.9",",,,E","15.7",",E","22.3",",,,E","9.1",",,,E"
"SPE00120278","MADRID BARAJAS, SP","40.4667","-3.5556","609.0","2010-06","127.4","E","98.9",",E","10",",E","7",",E","0",",E","0",",E","0",",E","24",",E","9",",E","7.2",",E,21,","17.4",",,E,26,","34.5",",E,24,","1952.0","E","23.0",",E","47.2",",,,E","20.9",",E","27.8",",,,E","13.9",",,,E"
"SPE00120278","MADRID BARAJAS, SP","40.4667","-3.5556","609.0","2010-07","387.5","E","260.1",",E","2",",E","2",",E","0",",E","0",",E","0",",E","31",",E","26",",E","13.9",",E,16,","8.2",",,E,02,","37.7",",E,28,","0.0","E","0.0",",E","11.2",",,,E","26.7",",E","34.7",",,,E","18.8",",,,E"
"SPE00120278","MADRID BARAJAS, SP","40.4667","-3.5556","609.0","2010-08","608.6","E","221.1",",E","1",",E","0",",E","0",",E","0",",E","0",",E","31",",E","23",",E","13.2",",E,14,","1.0",",,E,08,","37.5",",E,26,","0.0","E","0.0",",E","1.0",",,,E","25.5",",E","33.3",",,,E","17.6",",,,E"
"SPE00120278","MADRID BARAJAS, SP","40.4667","-3.5556","609.0","2010-09","686.9","E","78.3",",E","2",",E","2",",E","0",",E","0",",E","0",",E","30",",E","6",",E","6.7",",E,27,","13.4",",,E,01,","34.2",",E,15,","11.4","E","11.4",",E","24.8",",,,E","20.6",",E","27.6",",,,E","13.5",",,,E"
"SPE00120278","MADRID BARAJAS, SP","40.4667","-3.5556","609.0","2010-10","689.8","E","2.9",",E","7",",E","4",",E","0",",E","1",",E","0",",E","17",",E","0",",E","-1.0",",E,26,","16.1",",,E,09,","26.4",",E,02,","156.8","E","145.4",",E","35.0",",,,E","13.7",",E","20.8",",,,E","6.7",",,,E"
"SPE00120278","MADRID BARAJAS, SP","40.4667","-3.5556","609.0","2010-11","689.8","E","0.0",",E","8",",E","3",",E","0",",E","6",",E","0",",E","3",",E","0",",E","-3.8",",E,28,","4.5",",,E,29,","23.2",",E,04,","456.4","E","299.6",",E","20.0",",,,E","8.4",",E","13.4",",,,E","3.3",",,,E"
"SPE00120278","MADRID BARAJAS, SP","40.4667","-3.5556","609.0","2010-12","689.8","E","0.0",",E","10",",E","8",",E","0",",E","11",",E","0",",E","0",",E","0",",E","-6.4",",E,17,","13.1",",,E,22,","17.2",",E,10,","842.1","E","385.7",",E","60.8",",,,E","5.9",",E","10.3",",,,E","1.5",",,,E"
"SPE00120278","MADRID BARAJAS, SP","40.4667","-3.5556","609.0","2011-01","0.0","E","0.0",",E","9",",E","4",",E","0",",E","11",",E","0",",E","0",",E","0",",E","-5.9",",E,24,","10.9",",,E,08,","15.9",",E,12,","1223.1","E","381.0",",E","26.6",",,,E","6.0",",E","10.5",",,,E","1.6",",,,E"
"SPE00120278","MADRID BARAJAS, SP","40.4667","-3.5556","609.0","2011-02","0.0","E","0.0",",E","6",",E","3",",E","0",",E","15",",E","0",",E","1",",E","0",",E","-3.1",",E,01,","7.0",",,E,19,","21.9",",E,25,","1515.3","E","292.2",",E","18.6",",,,E","7.9",",E","14.6",",,,E","1.2",",,,E"
"SPE00120278","MADRID BARAJAS, SP","40.4667","-3.5556","609.0","2011-03","0.0","E","0.0",",E","10",",E","4",",E","0",",E","2",",E","0",",E","4",",E","0",",E","-1.9",",E,03,","14.2",",,E,11,","22.0",",E,31,","1787.1","E","271.8",",E","38.0",",,,E","9.6",",E","14.8",",,,E","4.3",",,,E"
"SPE00120278","MADRID BARAJAS, SP","40.4667","-3.5556","609.0","2011-04","0.5","E","0.5",",E","8",",E","3",",E","0",",E","0",",E","0",",E","19",",E","0",",E","5.6",",E,18,","26.6",",,E,21,","28.2",",E,08,","1866.7","E","79.6",",E","46.5",",,,E","15.7",",E","22.5",",,,E","8.9",",,,E"
"SPE00120278","MADRID BARAJAS, SP","40.4667","-3.5556","609.0","2011-05","33.0","E","32.5",",E","10",",E","7",",E","0",",E","0",",E","0",",E","28",",E","0",",E","6.2",",E,15,","15.0",",,E,07,","31.8",",E,25,","1899.2","E","32.5",",E","54.3",",,,E","18.3",",E","25.2",",,,E","11.4",",,,E"
"SPE00120278","MADRID BARAJAS, SP","40.4667","-3.5556","609.0","2011-06","159.0","E","126.0",",E","3",",E","3",",E","0",",E","0",",E","0",",E","28",",E","12",",E","8.3",",E,01,","22.3",",,E,06,","37.5",",E,27,+","1913.7","E","14.5",",E","33.2",",,,E","22.1",",E","29.8",",,,E","14.3",",,,E"
"SPE00120278","MADRID BARAJAS, SP","40.4667","-3.5556","609.0","2011-07","343.3","E","184.3",",E","0",",E","0",",E","0",",E","0",",E","0",",E","31",",E","16",",E","12.4",",E,08,","0.0",",,E,31,+","35.3",",E,29,+","0.0","E","0.0",",E","0.0",",,,E","24.3",",E","32.3",",,,E","16.2",",,,E"
"SPE00120278","MADRID BARAJAS, SP","40.4667","-3.5556","609.0","2011-08","553.3","E","210.0",",E","4",",E","1",",E","0",",E","0",",E","0",",E","31",",E","18",",E","9.1",",E,27,","4.5",",,E,12,","39.0",",E,20,","0.0","E","0.0",",E","7.3",",,,E","25.1",",E","33.1",",,,E","17.1",",,,E"
"SPE00120278","MADRID BARAJAS, SP","40.4667","-3.5556","609.0","2011-09","647.2","E","93.9",",E","2",",E","0",",E","0",",E","0",",E","0",",E","30",",E","8",",E","8.1",",E,19,","0.7",",,E,03,","34.8",",E,09,","1.1","E","1.1",",E","1.2",",,,E","21.4",",E","29.8",",,,E","13.1",",,,E"
"SPE00120278","MADRID BARAJAS, SP","40.4667","-3.5556","609.0","2011-10","661.5","E","14.3",",E","4",",E","4",",E","0",",E","0",",E","0",",E","24",",E","0",",E","1.9",",E,21,","18.4",",,E,27,","31.7",",E,13,","76.4","E","75.3",",E","36.3",",,,E","16.4",",E","24.5",",,,E","8.3",",,,E"
"SPE00120278","MADRID BARAJAS, SP","40.4667","-3.5556","609.0","2011-11","661.5","E","0.0",",E","11",",E","7",",E","0",",E","3",",E","0",",E","1",",E","0",",E","-0.3",",E,29,","12.0",",,E,19,","21.2",",E,12,","299.7","E","223.3",",E","49.6",",,,E","10.9",",E","15.3",",,,E","6.5",",,,E"
"SPE00120278","MADRID BARAJAS, SP","40.4667","-3.5556","609.0","2011-12","661.5","E","0.0",",E","3",",E","0",",E","0",",E","19",",E","0",",E","0",",E","0",",E","-3.9",",E,30,","1.1",",,E,10,","16.7",",E,21,","678.1","E","378.4",",E","3.1",",,,E","6.1",",E","12.0",",,,E","0.3",",,,E"
"SPE00120278","MADRID BARAJAS, SP","40.4667","-3.5556","609.0","2012-01","0.0","E","0.0",",E","2",",E","1",",E","0",",E","26",",E","0",",E","0",",E","0",",E","-4.1",",E,31,","3.6",",,E,16,","16.2",",E,09,","1078.2","E","400.1",",E","4.2",",,,E","5.4",",E","12.4",",,,E","-1.6",",,,E"
"SPE00120278","MADRID BARAJAS, SP","40.4667","-3.5556","609.0","2012-02","0.0","E","0.0",",E","1",",E","1",",E","0",",E","24",",E","0",",E","1",",E","0",",E","-7.4",",E,12,","2.8",",,E,01,","22.0",",E,26,","1461.5","E","383.3",",E","2.8",",,,E","5.1",",E","12.8",",,,E","-2.6",",,,E"
"SPE00120278","MADRID BARAJAS, SP","40.4667","-3.5556","609.0","2012-03","0.0","E","0.0",",E","2",",E","1",",E","0",",E","3",",E","0",",E","10",",E","0",",E","-2.0",",E,07,","9.3",",,E,20,","25.4",",E,14,","1710.4","E","248.9",",E","11.5",",,,E","10.3",",E","18.6",",,,E","2.0",",,,E"
"SPE00120278","MADRID BARAJAS, SP","40.4667","-3.5556","609.0","2012-04","0.0","E","0.0",",E","11",",E","6",",E","0",",E","0",",E","0",",E","2",",E","0",",E","0.8",",E,17,","7.0",",,E,03,","22.6",",E,01,","1917.5","E","207.1",",E","31.8",",,,E","11.4",",E","16.5",",,,E","6.4",",,,E"
"SPE00120278","MADRID BARAJAS, SP","40.4667","-3.5556","609.0","2012-05","65.5","E","65.5",",E","5",",E","3",",E","0",",E","0",",E","0",",E","21",",E","4",",E","3.4",",E,01,","8.6",",,E,03,","34.9",",E,31,","1979.1","E","61.6",",E","20.5",",,,E","18.5",",E","25.9",",,,E","11.0",",,,E"
"SPE00120278","MADRID BARAJAS, SP","40.4667","-3.5556","609.0","2012-06","232.7","E","167.2",",E","0",",E","0",",E","0",",E","0",",E","0",",E","30",",E","11",",E","10.1",",E,09,","0.0",",,E,30,+","39.9",",E,26,","1979.1","E","0.0",",E","0.0",",,,E","23.9",",E","31.3",",,,E","16.5",",,,E"
"SPE00120278","MADRID BARAJAS, SP","40.4667","-3.5556","609.0","2012-07","438.9","E","206.2",",E","2",",E","1",",E","0",",E","0",",E","0",",E","31",",E","22",",E","11.6",",E,02,","4.5",",,E,26,","38.1",",E,19,","0.0","E","0.0",",E","6.2",",,,E","25.0",",E","33.4",",,,E","16.6",",,,E"
"SPE00120278","MADRID BARAJAS, SP","40.4667","-3.5556","609.0","2012-08","671.0","E","232.1",",E","0",",E","0",",E","0",",E","0",",E","0",",E","31",",E","21",",E","12.6",",E,31,","0.0",",,E,31,+","40.9",",E,10,","0.0","E","0.0",",E","0.0",",,,E","25.8",",E","34.0",",,,E","17.6",",,,E"
"SPE00120278","MADRID BARAJAS, SP","40.4667","-3.5556","609.0","2012-09","764.3","E","93.3",",E","5",",E","3",",E","0",",E","0",",E","0",",E","24",",E","5",",E","7.8",",E,30,","26.4",",,E,28,","33.8",",E,16,+","21.7","E","21.7",",E","56.6",",,,E","20.7",",E","27.7",",,,E","13.7",",,,E"
"SPE00120278","MADRID BARAJAS, SP","40.4667","-3.5556","609.0","2012-10","775.5","E","11.2",",E","9",",E","5",",E","0",",E","1",",E","0",",E","13",",E","0",",E","-0.3",",E,29,","12.6",",,E,30,","28.6",",E,09,","149.0","E","127.3",",E","34.3",",,,E","14.6",",E","20.2",",,,E","9.0",",,,E"
"SPE00120278","MADRID BARAJAS, SP","40.4667","-3.5556","609.0","2012-11","775.5","E","0.0",",E","7",",E","5",",E","0",",E","2",",E","0",",E","0",",E","0",",E","-2.0",",E,28,","12.8",",,E,03,","19.5",",E,14,","414.9","E","265.9",",E","42.0",",,,E","9.5",",E","13.6",",,,E","5.4",",,,E"
"SPE00120278","MADRID BARAJAS, SP","40.4667","-3.5556","609.0","2012-12","775.5","E","0.0",",E","4",",E","0",",E","0",",E","13",",E","0",",E","0",",E","0",",E","-4.7",",E,02,","1.5",",,E,31,","15.1",",E,24,","799.5","E","384.6",",E","3.6",",,,E","5.9",",E","10.4",",,,E","1.4",",,,E"
"SPE00120278","MADRID BARAJAS, SP","40.4667","-3.5556","609.0","2013-01","0.0","E","0.0",",E","7",",E","3",",E","0",",E","11",",E","0",",E","0",",E","0",",E","-3.8",",E,06,","4.5",",,E,18,","18.1",",E,26,","1184.3","E","384.8",",E","14.0",",,,E","5.9",",E","10.6",",,,E","1.3",",,,E"
"SPE00120278","MADRID BARAJAS, SP","40.4667","-3.5556","609.0","2013-02","0.0","E","0.0",",E","8",",E","1",",E","0",",E","13",",E","0",",E","0",",E","0",",E","-2.9",",E,24,","2.8",",,E,22,","16.2",",E,05,","1523.4","E","339.1",",E","10.6",",,,E","6.2",",E","11.2",",,,E","1.3",",,,E"
"SPE00120278","MADRID BARAJAS, SP","40.4667","-3.5556","609.0","2013-03","0.0","E","0.0",",E","18",",E","9",",E","0",",E","4",",E","0",",E","0",",E","0",",E","-2.7",",E,02,","11.9",",,E,07,","17.6",",E,30,","1803.2","E","279.8",",E","78.8",",,,E","9.3",",E","13.6",",,,E","5.0",",,,E"
"SPE00120278","MADRID BARAJAS, SP","40.4667","-3.5556","609.0","2013-04","0.1","E","0.1",",E","7",",E","5",",E","0",",E","2",",E","0",",E","10",",E","0",",E","-1.8",",E,07,","9.6",",,E,28,","27.8",",E,17,","1997.6","E","194.4",",E","32.6",",,,E","11.9",",E","18.0",",,,E","5.7",",,,E"
"SPE00120278","MADRID BARAJAS, SP","40.4667","-3.5556","609.0","2013-05","3.6","E","3.5",",E","10",",E","4",",E","0",",E","0",",E","0",",E","17",",E","0",",E","1.9",",E,02,","6.3",",,E,17,","27.6",",E,13,","2128.7","E","131.1",",E","26.3",",,,E","14.2",",E","21.1",",,,E","7.3",",,,E"
"SPE00120278","MADRID BARAJAS, SP","40.4667","-3.5556","609.0","2013-06","101.3","E","97.7",",E","2",",E","0",",E","0",",E","0",",E","0",",E","29",",E","12",",E","7.9",",E,01,","1.7",",,E,05,","35.5",",E,16,","2143.1","E","14.4",",E","3.1",",,,E","21.1",",E","29.3",",,,E","12.9",",,,E"
"SPE00120278","MADRID BARAJAS, SP","40.4667","-3.5556","609.0","2013-07","361.8","E","260.5",",E","1",",E","0",",E","0",",E","0",",E","0",",E","31",",E","28",",E","11.6",",E,29,","0.5",",,E,09,","38.3",",E,08,","0.0","E","0.0",",E","0.5",",,,E","26.7",",E","35.1",",,,E","18.4",",,,E"
"SPE00120278","MADRID BARAJAS, SP","40.4667","-3.5556","609.0","2013-08","607.5","E","245.7",",E","2",",E","1",",E","0",",E","0",",E","0",",E","31",",E","24",",E","13.9",",E,30,+","6.3",",,E,28,","38.8",",E,11,","0.0","E","0.0",",E","7.4",",,,E","26.3",",E","34.8",",,,E","17.7",",,,E"
"SPE00120278","MADRID BARAJAS, SP","40.4667","-3.5556","609.0","2013-09","723.8","E","116.3",",E","4",",E","2",",E","0",",E","0",",E","0",",E","30",",E","5",",E","11.2",",E,12,","11.2",",,E,28,","33.9",",E,03,","0.0","E","0.0",",E","17.8",",,,E","22.2",",E","29.9",",,,E","14.5",",,,E"
"SPE00120278","MADRID BARAJAS, SP","40.4667","-3.5556","609.0","2013-10","733.8","E","10.0",",E","7",",E","5",",E","0",",E","0",",E","0",",E","22",",E","0",",E","1.3",",E,31,","16.6",",,E,24,","27.1",",E,18,","66.1","E","66.1",",E","42.4",",,,E","16.5",",E","22.7",",,,E","10.4",",,,E"
"SPE00120278","MADRID BARAJAS, SP","40.4667","-3.5556","609.0","2013-11","734.0","E","0.2",",E","2",",E","2",",E","0",",E","8",",E","0",",E","4",",E","0",",E","-4.6",",E,29,","9.9",",,E,17,","23.3",",E,05,","334.4","E","268.3",",E","12.8",",,,E","9.4",",E","15.1",",,,E","3.7",",,,E"
"SPE00120278","MADRID BARAJAS, SP","40.4667","-3.5556","609.0","2013-12","734.0","E","0.0",",E","6",",E","6",",E","0",",E","22",",E","0",",E","0",",E","0",",E","-5.0",",E,02,","18.2",",,E,24,","17.3",",E,04,","723.7","E","389.3",",E","47.0",",,,E","5.8",",E","12.3",",,,E","-0.7",",,,E"
"SPE00120278","MADRID BARAJAS, SP","40.4667","-3.5556","609.0","2014-01","0.0","E","0.0",",E","14",",E","11",",E","0",",E","2",",E","0",",E","0",",E","0",",E","-1.6",",E,21,","10.0",",,E,21,","17.2",",E,26,+","1037.6","E","313.9",",E","64.8",",,,E","8.2",",E","12.0",",,,E","4.4",",,,E"
"SPE00120278","MADRID BARAJAS, SP","40.4667","-3.5556","609.0","2014-02","0.0","E","0.0",",E","13",",E","5",",E","0",",E","5",",E","0",",E","0",",E","0",",E","-2.2",",E,03,","13.8",",,E,09,","17.4",",E,13,","1343.0","E","305.4",",E","41.6",",,,E","7.4",",E","12.1",",,,E","2.8",",,,E"
"SPE00120278","MADRID BARAJAS, SP","40.4667","-3.5556","609.0","2014-03","0.0","E","0.0",",E","3",",E","1",",E","0",",E","2",",E","0",",E","7",",E","0",",E","-0.6",",E,27,","13.9",",,E,29,","24.8",",E,18,","1564.0","E","221.0",",E","16.3",",,,E","11.2",",E","17.9",",,,E","4.5",",,,E"
"SPE00120278","MADRID BARAJAS, SP","40.4667","-3.5556","609.0","2014-04","6.1","E","6.1",",E","5",",E","4",",E","0",",E","0",",E","0",",E","18",",E","0",",E","7.0",",E,23,","12.4",",,E,02,","28.9",",E,17,","1635.5","E","71.5",",E","27.8",",,,E","16.1",",E","22.9",",,,E","9.4",",,,E"
"SPE00120278","MADRID BARAJAS, SP","40.4667","-3.5556","609.0","2014-05","32.6","E","26.5",",E","6",",E","2",",E","0",",E","0",",E","0",",E","27",",E","1",",E","6.0",",E,04,","3.0",",,E,20,","32.2",",E,10,","1668.2","E","32.7",",E","8.0",",,,E","18.1",",E","25.6",",,,E","10.6",",,,E"
"SPE00120278","MADRID BARAJAS, SP","40.4667","-3.5556","609.0","2014-06","156.2","E","123.6",",E","5",",E","1",",E","0",",E","0",",E","0",",E","30",",E","5",",E","9.7",",E,02,","9.6",",,E,11,","35.1",",E,13,","1668.2","E","0.0",",E","16.1",",,,E","22.4",",E","30.2",",,,E","14.7",",,,E"
"SPE00120278","MADRID BARAJAS, SP","40.4667","-3.5556","609.0","2014-07","357.0","E","200.8",",E","2",",E","2",",E","0",",E","0",",E","0",",E","31",",E","17",",E","10.0",",E,03,","20.1",",,E,03,","38.5",",E,16,","1.8","E","1.8",",E","26.8",",,,E","24.8",",E","32.6",",,,E","16.9",",,,E"
"SPE00120278","MADRID BARAJAS, SP","40.4667","-3.5556","609.0","2014-08","578.0","E","221.0",",E","0",",E","0",",E","0",",E","0",",E","0",",E","31",",E","22",",E","14.4",",E,23,","0.0",",,E,31,+","35.8",",E,06,","1.8","E","0.0",",E","0.0",",,,E","25.5",",E","33.3",",,,E","17.6",",,,E"
"SPE00120278","MADRID BARAJAS, SP","40.4667","-3.5556","609.0","2014-09","689.4","E","111.4",",E","4",",E","2",",E","0",",E","0",",E","0",",E","30",",E","4",",E","10.7",",E,25,","9.9",",,E,21,","37.8",",E,02,","2.6","E","0.8",",E","17.1",",,,E","22.0",",E","28.7",",,,E","15.3",",,,E"
"SPE00120278","MADRID BARAJAS, SP","40.4667","-3.5556","609.0","2014-10","707.5","E","18.1",",E","7",",E","3",",E","0",",E","0",",E","0",",E","25",",E","0",",E","6.9",",E,23,","51.0",",,E,09,","29.1",",E,21,","31.3","E","28.7",",E","82.4",",,,E","18.0",",E","24.4",",,,E","11.6",",,,E"
"SPE00120278","MADRID BARAJAS, SP","40.4667","-3.5556","609.0","2014-11","707.5","E","0.0",",E","15",",E","9",",E","0",",E","0",",E","0",",E","1",",E","0",",E","0.1",",E,10,","30.6",",,E,25,","22.9",",E,01,","248.9","E","217.6",",E","103.1",",,,E","11.1",",E","15.4",",,,E","6.8",",,,E"
"SPE00120278","MADRID BARAJAS, SP","40.4667","-3.5556","609.0","2014-12","707.5","E","0.0",",E","3",",E","2",",E","0",",E","17",",E","0",",E","0",",E","0",",E","-5.3",",E,31,","15.4",",,E,13,","16.1",",E,01,","610.2","E","361.3",",E","21.9",",,,E","6.7",",E","12.6",",,,E","0.8",",,,E"
"SPE00120278","MADRID BARAJAS, SP","40.4667","-3.5556","609.0","2015-01","0.0","E","0.0",",E","4",",E","3",",E","0",",E","26",",E","0",",E","0",",E","0",",E","-5.5",",E,01,","8.1",",,E,18,","17.8",",E,30,","1007.1","E","396.9",",E","18.4",",,,E","5.5",",E","12.2",",,,E","-1.2",",,,E"
"SPE00120278","MADRID BARAJAS, SP","40.4667","-3.5556","609.0","2015-02","0.0","E","0.0",",E","5",",E","4",",E","0",",E","7",",E","0",",E","0",",E","0",",E","-4.5",",E,08,","6.4",",,E,16,","17.0",",E,28,","1328.9","E","321.8",",E","19.4",",,,E","6.8",",E","11.7",",,,E","1.9",",,,E"
"SPE00120278","MADRID BARAJAS, SP","40.4667","-3.5556","609.0","2015-03","0.0","E","0.0",",E","6",",E","4",",E","0",",E","5",",E","0",",E","10",",E","0",",E","-2.3",",E,16,","21.1",",,E,23,","27.1",",E,31,","1564.8","E","235.9",",E","46.6",",,,E","10.7",",E","17.6",",,,E","3.8",",,,E"
"SPE00120278","MADRID BARAJAS, SP","40.4667","-3.5556","609.0","2015-04","0.0","E","0.0",",E","5",",E","4",",E","0",",E","0",",E","0",",E","16",",E","0",",E","3.4",",E,02,","19.4",",,E,15,","25.2",",E,02,","1686.0","E","121.2",",E","44.8",",,,E","14.3",",E","21.0",",,,E","7.6",",,,E"
"SPE00120278","MADRID BARAJAS, SP","40.4667","-3.5556","609.0","2015-05","62.3","E","62.3",",E","0",",E","0",",E","0",",E","0",",E","0",",E","31",",E","4",",E","5.6",",E,20,","0.0",",,E,31,+","36.5",",E,13,","1710.6","E","24.6",",E","0.0",",,,E","19.6",",E","27.6",",,,E","11.4",",,,E"
"SPE00120278","MADRID BARAJAS, SP","40.4667","-3.5556","609.0","2015-06","231.8","E","169.5",",E","6",",E","5",",E","0",",E","0",",E","0",",E","30",",E","18",",E","11.3",",E,16,","24.7",",,E,11,","40.0",",E,29,","1712.5","E","1.9",",E","49.6",",,,E","23.9",",E","31.7",",,,E","16.1",",,,E"
"SPE00120278","MADRID BARAJAS, SP","40.4667","-3.5556","609.0","2015-07","560.0","E","328.2",",E","1",",E","0",",E","0",",E","0",",E","0",",E","31",",E","30",",E","18.6",",E,24,+","0.3",",,E,17,","40.5",",E,06,","0.0","E","0.0",",E","0.3",",,,E","28.9",",E","37.1",",,,E","20.8",",,,E"
"SPE00120278","MADRID BARAJAS, SP","40.4667","-3.5556","609.0","2015-08","781.5","E","221.5",",E","2",",E","1",",E","0",",E","0",",E","0",",E","31",",E","22",",E","11.9",",E,25,","9.2",",,E,30,","38.3",",E,06,","0.0","E","0.0",",E","11.2",",,,E","25.5",",E","33.0",",,,E","18.0",",,,E"
"SPE00120278","MADRID BARAJAS, SP","40.4667","-3.5556","609.0","2015-09","844.7","E","63.2",",E","2",",E","1",",E","0",",E","0",",E","0",",E","30",",E","0",",E","7.6",",E,18,","15.3",",,E,16,","30.7",",E,02,","5.8","E","5.8",",E","16.3",",,,E","20.2",",E","27.4",",,,E","13.1",",,,E"
"SPE00120278","MADRID BARAJAS, SP","40.4667","-3.5556","609.0","2015-10","849.4","E","4.7",",E","9",",E","4",",E","0",",E","0",",E","0",",E","18",",E","0",",E","3.5",",E,15,","20.1",",,E,05,","26.0",",E,01,","93.4","E","87.6",",E","57.3",",,,E","15.7",",E","21.3",",,,E","10.1",",,,E"
"SPE00120278","MADRID BARAJAS, SP","40.4667","-3.5556","609.0","2015-11","849.4","E","0.0",",E","2",",E","2",",E","0",",E","3",",E","0",",E","10",",E","0",",E","-2.6",",E,30,","18.1",",,E,01,","23.5",",E,07,","292.5","E","199.1",",E","29.1",",,,E","11.7",",E","18.4",",,,E","5.0",",,,E"
"SPE00120278","MADRID BARAJAS, SP","40.4667","-3.5556","609.0","2015-12","849.4","E","0.0",",E","3",",E","1",",E","0",",E","8",",E","0",",E","0",",E","0",",E","-3.5",",E,01,","3.3",",,E,28,","19.1",",E,05,","599.9","E","307.4",",E","4.2",",,,E","8.4",",E","14.7",",,,E","2.1",",,,E"
"SPE00120278","MADRID BARAJAS, SP","40.4667","-3.5556","609.0","2016-01","0.0","E","0.0",",E","8",",E","3",",E","0",",E","5",",E","0",",E","0",",E","0",",E","-4.1",",E,17,","12.0",",,E,10,","19.5",",E,24,","914.9","E","315.0",",E","28.9",",,,E","8.2",",E","12.2",",,,E","4.1",",,,E"
"SPE00120278","MADRID BARAJAS, SP","40.4667","-3.5556","609.0","2016-02","0.0","E","0.0",",E","8",",E","4",",E","0",",E","7",",E","0",",E","0",",E","0",",E","-5.5",",E,17,","11.3",",,E,06,","17.7",",E,01,","1212.0","E","297.1",",E","31.8",",,,E","8.1",",E","13.1",",,,E","3.1",",,,E"
"SPE00120278","MADRID BARAJAS, SP","40.4667","-3.5556","609.0","2016-03","0.0","E","0.0",",E","9",",E","3",",E","0",",E","8",",E","0",",E","1",",E","0",",E","-2.2",",E,12,","31.4",",,E,21,","22.4",",E,30,","1501.7","E","289.7",",E","57.7",",,,E","9.0",",E","15.5",",,,E","2.4",",,,E"
"SPE00120278","MADRID BARAJAS, SP","40.4667","-3.5556","609.0","2016-04","0.0","E","0.0",",E","15",",E","8",",E","0",",E","1",",E","0",",E","4",",E","0",",E","-0.2",",E,02,","30.2",",,E,19,","22.5",",E,26,","1694.8","E","193.1",",E","120.1",",,,E","11.9",",E","17.5",",,,E","6.3",",,,E"
"SPE00120278","MADRID BARAJAS, SP","40.4667","-3.5556","609.0","2016-05","3.8","E","3.8",",E","10",",E","7",",E","0",",E","0",",E","0",",E","18",",E","0",",E","2.6",",E,02,","18.9",",,E,06,","28.3",",E,20,","1784.1","E","89.3",",E","70.9",",,,E","15.6",",E","21.8",",,,E","9.4",",,,E"
"SPE00120278","MADRID BARAJAS, SP","40.4667","-3.5556","609.0","2016-06","130.5","E","126.7","1,E","0",",E","0",",E","0","1,E","0","1,E","0","1,E","29","1,E","14","1,E","7.7","1,E,02,","0.2",",,E,15,","36.5","1,E,28,","1788.9","E","4.8","1,E","0.5",",,,E","22.5","1,E","30.8","1,,,E","14.3","1,,,E"
"SPE00120278","MADRID BARAJAS, SP","40.4667","-3.5556","609.0","2016-07","401.7","E","271.2",",E","2",",E","1",",E","0",",E","0",",E","0",",E","31",",E","26",",E","12.5",",E,14,","4.9",",,E,05,","38.7",",E,19,","0.0","E","0.0",",E","7.2",",,,E","27.1",",E","35.5",",,,E","18.7",",,,E"
"SPE00120278","MADRID BARAJAS, SP","40.4667","-3.5556","609.0","2016-08","647.8","E","246.1",",E","0",",E","0",",E","0",",E","0",",E","0",",E","31",",E","29",",E","15.1",",E,11,","0.0",",,E,31,+","38.0",",E,03,","0.0","E","0.0",",E","0.0",",,,E","26.3",",E","34.6",",,,E","17.9",",,,E"
"SPE00120278","MADRID BARAJAS, SP","40.4667","-3.5556","609.0","2016-09","762.8","E","115.0",",E","1",",E","1",",E","0",",E","0",",E","0",",E","28",",E","11",",E","9.0",",E,19,","5.9",",,E,13,","39.5",",E,06,","8.5","E","8.5",",E","5.9",",,,E","21.9",",E","29.8",",,,E","13.9",",,,E"
"SPE00120278","MADRID BARAJAS, SP","40.4667","-3.5556","609.0","2016-10","770.7","E","7.9",",E","7","1,E","5","1,E","0",",E","0",",E","0",",E","17",",E","0",",E","3.3",",E,31,","13.4","1,,E,12,","29.0",",E,06,","77.2","E","68.7",",E","47.8","1,,,E","16.4",",E","22.7",",,,E","10.0",",,,E"
"SPE00120278","MADRID BARAJAS, SP","40.4667","-3.5556","609.0","2016-11","770.7","E","0.0",",E","12",",E","10",",E","0",",E","2",",E","0",",E","1",",E","0",",E","-0.5",",E,16,","15.7",",,E,20,","21.7",",E,02,","360.9","E","283.7",",E","97.3",",,,E","8.9",",E","13.9",",,,E","3.9",",,,E"
"SPE00120278","MADRID BARAJAS, SP","40.4667","-3.5556","609.0","2016-12","770.7","E","0.0",",E","5",",E","4",",E","0",",E","8",",E","0",",E","0",",E","0",",E","-5.6",",E,31,","9.7",",,E,04,","17.0",",E,27,","698.6","E","337.7",",E","28.1",",,,E","7.4",",E","12.6",",,,E","2.3",",,,E"
"SPE00120278","MADRID BARAJAS, SP","40.4667","-3.5556","609.0","2017-01","0.0","E","0.0",",E","2",",E","2",",E","0",",E","22",",E","0",",E","0",",E","0",",E","-5.0",",E,25,","11.5",",,E,26,","16.7",",E,11,","1114.6","E","416.0",",E","17.5",",,,E","4.9",",E","10.9",",,,E","-1.1",",,,E"
"SPE00120278","MADRID BARAJAS, SP","40.4667","-3.5556","609.0","2017-02","0.0","E","0.0",",E","10",",E","5",",E","0",",E","5",",E","0",",E","0",",E","0",",E","-2.0",",E,09,","15.2",",,E,12,","19.7",",E,22,","1395.5","E","280.9",",E","42.7",",,,E","8.3",",E","13.4",",,,E","3.2",",,,E"
"SPE00120278","MADRID BARAJAS, SP","40.4667","-3.5556","609.0","2017-03","0.0","E","0.0",",E","6",",E","3",",E","0",",E","2",",E","0",",E","8",",E","0",",E","-0.7",",E,23,","6.3",",,E,22,","25.9",",E,10,","1625.1","E","229.6",",E","19.2",",,,E","10.9",",E","17.8",",,,E","4.1",",,,E"
"SPE00120278","MADRID BARAJAS, SP","40.4667","-3.5556","609.0","2017-04","0.5","E","0.5",",E","5",",E","3",",E","0",",E","0",",E","0",",E","20",",E","0",",E","1.2",",E,04,","6.5",",,E,24,","28.2",",E,12,","1740.4","E","115.3",",E","16.4",",,,E","14.5",",E","22.6",",,,E","6.4",",,,E"
"SPE00120278","MADRID BARAJAS, SP","40.4667","-3.5556","609.0","2017-05","60.9","E","60.4",",E","5",",E","3",",E","0",",E","0",",E","0",",E","28",",E","5",",E","2.6",",E,01,","11.0",",,E,10,","34.2",",E,26,","1776.1","E","35.7",",E","22.1",",,,E","19.1",",E","26.9",",,,E","11.4",",,,E"
"SPE00120278","MADRID BARAJAS, SP","40.4667","-3.5556","609.0","2017-06","281.4","E","220.5",",E","3",",E","2",",E","0",",E","0",",E","0",",E","30",",E","21",",E","10.4",",E,30,","3.4",",,E,25,+","40.1",",E,17,","1777.4","E","1.3",",E","7.6",",,,E","25.6",",E","33.6",",,,E","17.7",",,,E"
"SPE00120278","MADRID BARAJAS, SP","40.4667","-3.5556","609.0","2017-07","509.1","E","227.7",",E","4",",E","3",",E","0",",E","0",",E","0",",E","31",",E","22",",E","11.8",",E,01,","44.8",",,E,07,","41.1",",E,13,","0.0","E","0.0",",E","71.9",",,,E","25.7",",E","33.8",",,,E","17.6",",,,E"
"SPE00120278","MADRID BARAJAS, SP","40.4667","-3.5556","609.0","2017-08","737.2","E","228.1",",E","2",",E","2",",E","0",",E","0",",E","0",",E","31",",E","21",",E","11.5",",E,10,","23.3",",,E,28,","39.0",",E,05,","0.0","E","0.0",",E","26.8",",,,E","25.7",",E","33.4",",,,E","18.0",",,,E"
"SPE00120278","MADRID BARAJAS, SP","40.4667","-3.5556","609.0","2017-09","807.5","E","70.3",",E","0",",E","0",",E","0",",E","0",",E","0",",E","30",",E","1",",E","5.9",",E,17,","0.0",",,E,30,+","33.4",",E,06,","10.0","E","10.0",",E","0.0",",,,E","20.3",",E","28.3",",,,E","12.4",",,,E"
"SPE00120278","MADRID BARAJAS, SP","40.4667","-3.5556","609.0","2017-10","835.1","E","27.6",",E","2",",E","2",",E","0",",E","0",",E","0",",E","26",",E","0",",E","5.1",",E,29,","15.4",",,E,17,","31.1",",E,05,","60.2","E","50.2",",E","19.9",",,,E","17.6",",E","25.9",",,,E","9.3",",,,E"
"SPE00120278","MADRID BARAJAS, SP","40.4667","-3.5556","609.0","2017-11","835.1","E","0.0",",E","3",",E","1",",E","0",",E","11",",E","0",",E","0",",E","0",",E","-3.5",",E,27,","3.4",",,E,03,","20.9",",E,18,","327.4","E","267.2",",E","5.9",",,,E","9.4",",E","16.5",",,,E","2.4",",,,E"
"SPE00120278","MADRID BARAJAS, SP","40.4667","-3.5556","609.0","2017-12","835.1","E","0.0",",E","4",",E","2",",E","0",",E","17",",E","0",",E","0",",E","0",",E","-5.6",",E,06,","12.6",",,E,10,","17.6",",E,29,","704.2","E","376.8",",E","19.1",",,,E","6.2",",E","12.0",",,,E","0.3",",,,E"
"SPE00120278","MADRID BARAJAS, SP","40.4667","-3.5556","609.0","2018-01","0.0",,"0.0",",E","7",",E","5",",E","0",",E","15",",E","0",",E","0",",E","0",",E","-2.5",",E,09,","21.7",",,E,06,","17.7",",E,21,","1069.4",,"365.2",",E","46.6",",,,E","6.6",",E","12.1",",,,E","1.0",",,,E"
